date,variety,kg_total,commentaires,parcelle,nb_rangees,kg_par_rangee,jour_semaine,fraction_fraiseraie,jours_since_last_recolte,jours_since_last_recolte_globale,kg_par_rangee_prev_day,rain_mm,temp_min,temp_max,temp_mean,humidity,wind_avg,wind_gust,sun_hours,day_of_year,nb_plants
2022-03-25,clery,60.0,,parcelle_1,10.0,6.0,4,0.5,0.0,2,,0.0,1.0,16.5,9.8,1137.0,3.6,7.0,0.0,84,18228
2022-03-28,clery,78.0,,parcelle_1,10.0,7.8,0,0.3333333333333333,3.0,3,6.0,0.0,7.0,21.9,14.4,544.0,1.9,4.0,0.0,87,18228
2022-03-29,clery,80.5,,parcelle_1,10.0,8.05,1,0.3333333333333333,1.0,1,7.8,0.6,5.8,17.3,12.1,1049.0,2.5,5.2,0.0,88,18228
2022-03-30,clery,45.5,,parcelle_1,10.0,4.55,2,0.3333333333333333,1.0,1,8.05,18.1,11.3,15.3,12.4,329.0,2.7,5.9,0.0,89,18228
2022-03-31,clery,122.0,,parcelle_1,10.0,12.2,3,0.5,1.0,1,4.55,0.0,5.7,20.6,13.7,1358.0,5.0,10.6,0.0,90,18228
2022-04-04,clery,141.5,,parcelle_1,10.0,14.15,0,0.3333333333333333,4.0,3,12.2,0.0,4.6,15.0,9.4,1232.0,3.1,7.2,0.0,94,18228
2022-04-05,clery,36.5,,parcelle_1,10.0,3.65,1,0.3333333333333333,1.0,1,14.15,0.0,2.9,15.2,9.1,1149.0,2.2,4.4,0.0,95,18228
2022-04-06,clery,107.5,,parcelle_1,10.0,10.75,2,0.3333333333333333,1.0,1,3.65,0.0,2.5,15.2,10.5,1721.0,3.1,6.5,0.0,96,18228
2022-04-07,clery,31.25,,parcelle_1,10.0,3.125,3,0.5,1.0,1,10.75,0.0,11.1,18.2,15.3,1424.0,9.5,14.7,0.0,97,18228
2022-04-08,clery,141.25,,parcelle_1,10.0,14.125,4,0.5,1.0,1,3.125,0.0,14.3,21.1,16.5,737.0,7.9,12.1,0.0,98,18228
2022-04-10,clery,10.0,,parcelle_1,10.0,1.0,6,0.0,2.0,2,14.125,0.0,6.3,16.4,11.1,123.0,2.8,5.3,0.0,100,18228
2022-04-11,clery,126.5,,parcelle_1,10.0,12.65,0,0.3333333333333333,1.0,1,1.0,0.0,3.9,15.7,11.1,1029.0,4.2,8.0,0.0,101,18228
2022-04-12,clery,166.0,,parcelle_1,10.0,16.6,1,0.3333333333333333,1.0,1,12.65,0.0,7.4,16.3,13.3,1053.0,5.4,10.1,0.0,102,18228
2022-04-13,clery,255.0,,parcelle_1,10.0,25.5,2,0.3333333333333333,1.0,1,16.6,0.0,11.5,17.7,14.6,1114.0,4.7,10.1,0.0,103,18228
2022-04-14,clery,212.0,,parcelle_1,10.0,21.2,3,0.5,1.0,1,25.5,0.0,8.7,22.1,15.7,1124.0,2.6,7.5,0.0,104,18228
2022-04-15,clery,144.5,,parcelle_1,10.0,14.45,4,0.5,1.0,1,21.2,0.0,9.1,23.5,17.6,1603.0,2.3,5.7,0.0,105,18228
2022-04-16,clery,92.5,,parcelle_1,10.0,9.25,5,0.5,1.0,1,14.45,0.0,9.8,24.2,17.8,1430.0,2.1,5.3,0.0,106,18228
2022-04-18,clery,240.0,,parcelle_1,10.0,24.0,0,0.3333333333333333,2.0,1,9.25,0.0,5.8,18.8,13.7,1642.0,2.9,5.2,0.0,108,18228
2022-04-19,clery,267.5,,parcelle_1,10.0,26.75,1,0.3333333333333333,1.0,1,24.0,0.0,7.4,18.9,13.8,1624.0,2.9,8.5,0.0,109,18228
2022-04-20,clery,173.75,,parcelle_1,10.0,17.375,2,0.3333333333333333,1.0,1,26.75,12.1,8.1,17.5,13.7,1034.0,4.0,8.3,0.0,110,18228
2022-04-21,clery,239.0,,parcelle_1,10.0,23.9,3,0.5,1.0,1,17.375,0.0,12.7,17.7,14.9,816.0,4.4,10.1,0.0,111,18228
2022-04-22,clery,270.5,,parcelle_1,10.0,27.05,4,0.5,1.0,1,23.9,0.0,11.2,18.1,14.9,1136.0,2.2,5.8,0.0,112,18228
2022-04-23,clery,175.0,,parcelle_1,10.0,17.5,5,0.5,1.0,1,27.05,8.9,13.0,15.9,14.6,1409.0,5.6,8.8,0.0,113,18228
2022-04-25,clery,300.25,,parcelle_1,10.0,30.025,0,0.3333333333333333,2.0,2,17.5,0.0,11.7,19.9,16.0,1412.0,6.3,11.1,0.0,115,18228
2022-04-26,clery,389.5,,parcelle_1,10.0,38.95,1,0.3333333333333333,1.0,1,30.025,0.2,7.8,18.9,14.5,1323.0,3.9,11.0,0.0,116,18228
2022-04-27,clery,291.5,,parcelle_1,10.0,29.15,2,0.3333333333333333,1.0,1,38.95,0.0,8.3,18.7,14.4,1210.0,2.6,5.7,0.0,117,18228
2022-04-28,clery,342.5,,parcelle_1,10.0,34.25,3,0.5,1.0,1,29.15,0.0,9.1,21.4,16.5,1124.0,2.5,7.0,0.0,118,18228
2022-04-29,clery,815.5,,parcelle_1,10.0,81.55,4,0.5,1.0,1,34.25,0.0,8.7,21.0,16.0,1017.0,2.5,6.2,0.0,119,18228
2022-04-30,clery,105.0,,parcelle_1,10.0,10.5,5,0.5,1.0,1,81.55,0.0,8.6,20.7,14.9,1347.0,2.2,4.3,0.0,120,18228
2022-05-02,clery,289.5,,parcelle_1,10.0,28.95,0,0.3333333333333333,2.0,2,10.5,0.0,8.1,20.0,15.2,1221.0,2.3,5.2,0.0,122,18228
2022-05-03,clery,227.5,,parcelle_1,10.0,22.75,1,0.3333333333333333,1.0,1,28.95,0.0,11.3,21.2,16.5,1110.0,2.4,4.8,0.0,123,18228
2022-05-04,clery,143.0,,parcelle_1,10.0,14.3,2,0.3333333333333333,1.0,1,22.75,0.0,10.6,22.0,16.2,1610.0,2.0,4.2,0.0,124,18228
2022-05-05,clery,206.0,,parcelle_1,10.0,20.6,3,0.5,1.0,1,14.3,8.9,11.1,19.6,14.9,1254.0,2.1,5.9,0.0,125,18228
2022-05-06,clery,146.5,,parcelle_1,10.0,14.65,4,0.5,1.0,1,20.6,0.4,13.0,19.3,15.8,1453.0,1.4,3.5,0.0,126,18228
2022-05-09,clery,107.5,,parcelle_1,10.0,10.75,0,0.3333333333333333,3.0,3,14.65,0.0,11.6,23.8,18.8,1158.0,2.0,4.4,0.0,129,18228
2022-05-10,clery,144.0,,parcelle_1,10.0,14.4,1,0.3333333333333333,1.0,1,10.75,0.0,13.4,23.4,19.0,1436.0,3.5,8.5,0.0,130,18228
2022-05-12,clery,154.0,,parcelle_1,10.0,15.4,3,0.5,2.0,2,14.4,0.0,11.1,22.0,17.4,1440.0,3.6,7.8,0.0,132,18228
2022-05-13,clery,200.0,,parcelle_1,10.0,20.0,4,0.5,1.0,1,15.4,0.2,10.5,22.4,17.7,1251.0,3.8,9.6,0.0,133,18228
2022-05-16,clery,168.0,,parcelle_1,10.0,16.8,0,0.3333333333333333,3.0,3,20.0,0.0,12.5,25.3,19.2,1556.0,2.4,5.5,0.0,136,18228
2022-05-17,clery,137.0,,parcelle_1,10.0,13.7,1,0.3333333333333333,1.0,1,16.8,0.0,12.2,24.1,19.1,1715.0,2.5,6.8,0.0,137,18228
2022-05-19,clery,145.5,,parcelle_1,10.0,14.55,3,0.5,2.0,2,13.7,0.0,13.9,26.3,20.9,1049.0,2.8,7.3,0.0,139,18228
2022-05-20,clery,200.0,,parcelle_1,10.0,20.0,4,0.5,1.0,1,14.55,0.0,13.0,27.3,20.8,1616.0,2.5,4.9,0.0,140,18228
2022-05-23,clery,185.0,,parcelle_1,10.0,18.5,0,0.3333333333333333,3.0,3,20.0,0.0,14.2,25.6,20.5,1023.0,3.3,7.4,0.0,143,18228
2022-05-24,clery,155.0,,parcelle_1,10.0,15.5,1,0.3333333333333333,1.0,1,18.5,2.0,14.9,28.1,21.1,1612.0,4.1,17.5,0.0,144,18228
2022-05-25,clery,31.5,,parcelle_1,10.0,3.15,2,0.3333333333333333,1.0,1,15.5,0.0,16.2,25.6,20.3,1624.0,1.8,4.0,0.0,145,18228
2022-05-27,clery,292.5,,parcelle_1,10.0,29.25,4,0.5,2.0,2,3.15,0.0,20.1,31.5,27.2,1440.0,2.7,5.3,0.0,147,18228
2022-05-30,clery,97.0,,parcelle_1,10.0,9.7,0,0.3333333333333333,3.0,3,29.25,0.0,15.2,26.1,20.3,1304.0,2.7,5.8,0.0,150,18228
2022-05-31,clery,116.5,,parcelle_1,10.0,11.65,1,0.3333333333333333,1.0,1,9.7,0.0,15.0,25.0,20.8,1712.0,2.8,5.3,0.0,151,18228
2022-06-02,clery,79.5,,parcelle_1,10.0,7.95,3,0.5,2.0,2,11.65,0.0,16.7,25.8,22.2,1540.0,3.7,7.3,0.0,153,18228
2022-06-03,clery,92.5,,parcelle_1,10.0,9.25,4,0.5,1.0,1,7.95,0.8,20.6,30.2,24.2,1733.0,4.0,7.5,0.0,154,18228
2022-06-06,clery,121.5,,parcelle_1,10.0,12.15,0,0.3333333333333333,3.0,3,9.25,0.0,17.5,30.8,25.7,1524.0,5.9,12.4,0.0,157,18228
2022-06-07,clery,77.5,,parcelle_1,10.0,7.75,1,0.3333333333333333,1.0,1,12.15,0.0,21.6,32.5,26.5,1545.0,6.2,13.8,0.0,158,18228
2022-06-08,clery,55.0,,parcelle_1,10.0,5.5,2,0.3333333333333333,1.0,1,7.75,0.0,18.4,29.1,24.2,1739.0,5.4,11.5,0.0,159,18228
2022-06-09,clery,164.0,,parcelle_1,10.0,16.4,3,0.5,1.0,1,5.5,0.0,21.2,29.9,25.1,1805.0,7.5,11.6,0.0,160,18228
2022-06-10,clery,141.5,,parcelle_1,10.0,14.15,4,0.5,1.0,1,16.4,0.0,18.8,28.1,23.0,1440.0,4.1,8.4,0.0,161,18228
2022-06-11,clery,181.5,,parcelle_1,10.0,18.15,5,0.5,1.0,1,14.15,0.0,13.0,29.6,22.8,1420.0,2.6,5.7,0.0,162,18228
2022-06-14,clery,120.5,,parcelle_1,10.0,12.05,1,0.3333333333333333,3.0,3,18.15,0.0,16.1,27.6,22.9,915.0,2.0,5.2,0.0,165,18228
2022-06-15,clery,337.0,,parcelle_1,10.0,33.7,2,0.3333333333333333,1.0,1,12.05,0.0,18.4,28.5,23.8,1516.0,2.3,6.4,0.0,166,18228
2022-06-16,clery,169.0,,parcelle_1,10.0,16.9,3,0.5,1.0,1,33.7,0.2,19.2,27.7,23.9,1424.0,2.9,8.7,0.0,167,18228
2022-06-17,clery,168.0,,parcelle_1,10.0,16.8,4,0.5,1.0,1,16.9,0.0,18.1,29.2,24.3,924.0,2.1,4.9,0.0,168,18228
2022-06-20,clery,232.0,,parcelle_1,10.0,23.2,0,0.3333333333333333,3.0,3,16.8,0.0,18.7,29.7,24.8,1242.0,2.4,4.9,0.0,171,18228
2022-06-21,clery,222.5,,parcelle_1,10.0,22.25,1,0.3333333333333333,1.0,1,23.2,1.0,18.7,28.9,25.0,1728.0,3.1,6.5,0.0,172,18228
2022-06-22,clery,232.0,,parcelle_1,10.0,23.2,2,0.3333333333333333,1.0,1,22.25,1.6,22.5,28.0,24.4,956.0,2.4,6.2,0.0,173,18228
2022-06-23,clery,132.0,,parcelle_1,10.0,13.2,3,0.5,1.0,1,23.2,1.0,19.7,28.3,24.3,1645.0,2.6,5.3,0.0,174,18228
2022-06-24,clery,133.5,,parcelle_1,10.0,13.35,4,0.5,1.0,1,13.2,0.0,19.3,29.2,24.3,1600.0,5.3,11.8,0.0,175,18228
2022-06-27,clery,146.0,,parcelle_1,10.0,14.6,0,0.3333333333333333,3.0,3,13.35,0.0,22.4,30.4,26.5,1014.0,3.4,7.2,0.0,178,18228
2022-06-28,clery,273.0,,parcelle_1,10.0,27.3,1,0.3333333333333333,1.0,1,14.6,66.9,19.1,30.0,23.5,1143.0,2.4,15.7,0.0,179,18228
2022-06-29,clery,191.5,,parcelle_1,10.0,19.15,2,0.3333333333333333,1.0,1,27.3,0.0,18.1,27.9,23.6,1453.0,5.3,12.0,0.0,180,18228
2022-06-30,clery,86.5,,parcelle_1,10.0,8.65,3,0.5,1.0,1,19.15,0.0,17.5,27.3,23.2,1703.0,2.4,5.8,0.0,181,18228
2022-07-01,clery,73.0,,parcelle_1,10.0,7.3,4,0.5,1.0,1,8.65,0.0,19.5,31.2,24.5,1326.0,4.5,11.6,0.0,182,18228
2022-07-04,clery,78.5,,parcelle_1,10.0,7.85,0,0.3333333333333333,3.0,3,7.3,0.0,19.9,29.1,25.1,1358.0,3.4,7.8,0.0,185,18228
2022-07-05,clery,67.0,,parcelle_1,10.0,6.7,1,0.3333333333333333,1.0,1,7.85,0.0,19.8,35.3,28.8,1517.0,3.5,10.3,0.0,186,18228
2022-07-06,clery,78.0,,parcelle_1,10.0,7.8,2,0.3333333333333333,1.0,1,6.7,0.0,22.9,30.5,26.7,1627.0,2.6,5.4,0.0,187,18228
2022-07-07,clery,35.5,,parcelle_1,10.0,3.55,3,0.5,1.0,1,7.8,0.0,19.9,34.1,26.9,1659.0,2.7,5.7,0.0,188,18228
2022-07-08,clery,34.5,,parcelle_1,10.0,3.45,4,0.5,1.0,1,3.55,0.0,21.1,30.1,26.1,1000.0,2.7,6.5,0.0,189,18228
2023-03-13,clery,11.0,,parcelle_1,10.0,1.1,0,0.3333333333333333,248.0,248,3.45,0.0,9.5,16.5,14.3,2146.0,3.9,6.4,0.0,72,24696
2023-03-14,clery,9.5,,parcelle_1,10.0,0.95,1,0.3333333333333333,1.0,1,1.1,0.0,12.9,18.6,15.4,1432.0,8.8,13.4,0.0,73,24696
2023-03-15,clery,11.5,,parcelle_1,10.0,1.15,2,0.3333333333333333,1.0,1,0.95,0.0,10.5,18.5,12.6,643.0,5.0,11.6,0.0,74,24696
2023-03-16,clery,11.0,,parcelle_1,10.0,1.1,3,0.5,1.0,1,1.15,0.0,3.3,16.6,11.2,1051.0,3.7,7.3,0.0,75,24696
2023-03-17,clery,56.0,,parcelle_1,10.0,5.6,4,0.5,1.0,1,1.1,0.0,6.2,15.8,10.9,953.0,3.6,7.5,0.0,76,24696
2023-03-20,clery,25.5,,parcelle_1,10.0,2.55,0,0.3333333333333333,3.0,3,5.6,0.2,4.5,16.8,11.3,1644.0,2.1,4.3,0.0,79,24696
2023-03-22,clery,89.5,,parcelle_1,10.0,8.95,2,0.3333333333333333,2.0,2,2.55,0.0,5.2,17.5,11.9,1519.0,1.8,4.3,0.0,81,24696
2023-03-23,clery,70.5,,parcelle_1,10.0,7.05,3,0.5,1.0,1,8.95,0.2,7.0,17.5,12.7,1313.0,2.0,4.5,0.0,82,24696
2023-03-24,clery,94.5,,parcelle_1,10.0,9.45,4,0.5,1.0,1,7.05,0.0,10.4,16.9,14.2,1117.0,2.5,4.7,0.0,83,24696
2023-03-27,clery,126.0,,parcelle_1,10.0,12.6,0,0.3333333333333333,3.0,3,9.45,0.0,12.4,20.0,14.7,1458.0,8.3,12.2,0.0,86,24696
2023-03-28,clery,141.0,,parcelle_1,10.0,14.1,1,0.3333333333333333,1.0,1,12.6,0.0,6.2,16.4,11.3,100.0,2.6,6.2,0.0,87,24696
2023-03-29,clery,226.0,,parcelle_1,10.0,22.6,2,0.3333333333333333,1.0,1,14.1,0.0,3.4,16.6,11.8,1413.0,3.0,8.1,0.0,88,24696
2023-03-30,clery,147.0,,parcelle_1,10.0,14.7,3,0.5,1.0,1,22.6,0.0,9.2,17.3,13.0,1241.0,2.1,4.6,0.0,89,24696
2023-03-31,clery,113.5,,parcelle_1,10.0,11.35,4,0.5,1.0,1,14.7,0.0,8.8,18.2,14.6,2101.0,6.1,13.2,0.0,90,24696
2023-04-03,clery,274.5,,parcelle_1,10.0,27.45,0,0.3333333333333333,3.0,3,11.35,0.0,10.5,20.7,14.6,1645.0,4.2,8.2,0.0,93,24696
2023-04-04,clery,287.5,,parcelle_1,10.0,28.75,1,0.3333333333333333,1.0,1,27.45,3.4,9.4,13.6,10.6,313.0,3.6,10.6,0.0,94,24696
2023-04-05,clery,217.5,,parcelle_1,10.0,21.75,2,0.3333333333333333,1.0,1,28.75,0.0,3.3,15.8,10.0,1204.0,2.7,4.9,0.0,95,24696
2023-04-06,clery,228.0,,parcelle_1,10.0,22.8,3,0.5,1.0,1,21.75,0.0,6.2,16.6,11.5,1649.0,3.2,7.0,0.0,96,24696
2023-04-07,clery,213.5,,parcelle_1,10.0,21.35,4,0.5,1.0,1,22.8,0.0,4.3,19.7,13.1,1348.0,4.8,12.3,0.0,97,24696
2023-04-08,clery,90.0,,parcelle_1,10.0,9.0,5,0.5,1.0,1,21.35,0.2,4.2,16.4,11.7,1414.0,3.7,9.8,0.0,98,24696
2023-04-10,clery,252.0,,parcelle_1,10.0,25.2,0,0.3333333333333333,2.0,2,9.0,0.0,5.2,17.7,12.8,1219.0,2.4,6.6,0.0,100,24696
2023-04-11,clery,279.5,,parcelle_1,10.0,27.95,1,0.3333333333333333,1.0,1,25.2,0.0,8.2,23.3,16.2,1557.0,5.8,12.3,0.0,101,24696
2023-04-12,clery,78.15,,parcelle_1,10.0,7.815,2,0.3333333333333333,1.0,1,27.95,0.2,13.3,19.2,16.0,1408.0,4.5,8.6,0.0,102,24696
2023-04-13,clery,350.0,,parcelle_1,10.0,35.0,3,0.5,1.0,1,7.815,0.0,11.3,18.1,14.3,1348.0,7.7,13.2,0.0,103,24696
2023-04-14,clery,414.5,,parcelle_1,10.0,41.45,4,0.5,1.0,1,35.0,0.0,10.6,17.6,14.0,1417.0,8.2,13.9,0.0,104,24696
2023-04-15,clery,60.0,,parcelle_1,10.0,6.0,5,0.5,1.0,1,41.45,0.0,12.5,20.4,15.5,1216.0,7.9,14.7,0.0,105,24696
2023-04-17,clery,367.0,,parcelle_1,10.0,36.7,0,0.3333333333333333,2.0,2,6.0,0.0,8.7,20.5,15.1,1225.0,2.0,4.0,0.0,107,24696
2023-04-18,clery,331.0,,parcelle_1,10.0,33.1,1,0.3333333333333333,1.0,1,36.7,0.0,7.7,21.2,14.9,1406.0,2.7,5.1,0.0,108,24696
2023-04-19,clery,454.0,,parcelle_1,10.0,45.4,2,0.3333333333333333,1.0,1,33.1,0.0,7.0,19.9,14.8,1215.0,2.8,7.8,0.0,109,24696
2023-04-20,clery,446.5,,parcelle_1,10.0,44.65,3,0.5,1.0,1,45.4,0.0,6.5,18.6,13.7,1258.0,3.1,7.3,0.0,110,24696
2023-04-21,clery,637.0,,parcelle_1,10.0,63.7,4,0.5,1.0,1,44.65,0.2,9.0,18.3,13.9,1139.0,3.2,6.3,0.0,111,24696
2023-04-22,clery,10.5,,parcelle_1,10.0,1.05,5,0.5,1.0,1,63.7,0.0,7.3,19.0,14.0,1023.0,2.3,4.5,0.0,112,24696
2023-04-24,clery,326.0,,parcelle_1,10.0,32.6,0,0.3333333333333333,2.0,2,1.05,0.0,14.1,23.9,18.3,1635.0,7.8,13.0,0.0,114,24696
2023-04-25,clery,342.5,,parcelle_1,10.0,34.25,1,0.3333333333333333,1.0,1,32.6,0.0,14.9,24.3,19.0,1214.0,7.0,12.0,0.0,115,24696
2023-04-26,clery,361.5,,parcelle_1,10.0,36.15,2,0.3333333333333333,1.0,1,34.25,0.0,11.4,21.4,16.7,1620.0,2.7,5.2,0.0,116,24696
2023-04-27,clery,446.5,,parcelle_1,10.0,44.65,3,0.5,1.0,1,36.15,0.0,9.3,20.4,15.1,1043.0,2.3,5.8,0.0,117,24696
2023-04-28,clery,347.0,,parcelle_1,10.0,34.7,4,0.5,1.0,1,44.65,0.0,9.5,20.6,15.4,1612.0,2.7,6.3,0.0,118,24696
2023-04-29,clery,143.0,,parcelle_1,10.0,14.3,5,0.5,1.0,1,34.7,0.6,11.7,20.4,16.5,1316.0,2.7,6.7,0.0,119,24696
2023-05-01,clery,141.0,,parcelle_1,10.0,14.1,0,0.3333333333333333,2.0,2,14.3,4.2,11.1,22.3,15.2,1355.0,2.2,8.0,0.0,121,24696
2023-05-02,clery,231.5,,parcelle_1,10.0,23.15,1,0.3333333333333333,1.0,1,14.1,0.2,9.1,22.4,16.3,1319.0,3.0,6.7,0.0,122,24696
2023-05-03,clery,170.0,,parcelle_1,10.0,17.0,2,0.3333333333333333,1.0,1,23.15,0.0,9.4,22.8,17.3,1300.0,2.9,7.2,0.0,123,24696
2023-05-04,clery,202.0,,parcelle_1,10.0,20.2,3,0.5,1.0,1,17.0,0.0,10.3,23.8,18.1,1548.0,2.3,5.3,0.0,124,24696
2023-05-05,clery,171.0,,parcelle_1,10.0,17.1,4,0.5,1.0,1,20.2,0.0,9.0,22.3,17.1,1517.0,2.8,7.8,0.0,125,24696
2023-05-06,clery,70.0,,parcelle_1,10.0,7.0,5,0.5,1.0,1,17.1,0.2,8.7,22.2,16.8,1152.0,2.1,4.8,0.0,126,24696
2023-05-08,clery,98.5,,parcelle_1,10.0,9.85,0,0.3333333333333333,2.0,2,7.0,0.0,11.4,24.3,18.4,1446.0,1.9,4.5,0.0,128,24696
2023-05-09,clery,112.0,,parcelle_1,10.0,11.2,1,0.3333333333333333,1.0,1,9.85,3.8,12.2,21.8,17.8,1633.0,2.6,7.4,0.0,129,24696
2023-05-10,clery,93.5,,parcelle_1,10.0,9.35,2,0.3333333333333333,1.0,1,11.2,0.0,16.1,25.8,20.8,524.0,5.8,10.9,0.0,130,24696
2023-05-11,clery,76.0,,parcelle_1,10.0,7.6,3,0.5,1.0,1,9.35,0.0,12.7,24.6,18.4,1544.0,4.0,10.6,0.0,131,24696
2023-05-12,clery,85.0,,parcelle_1,10.0,8.5,4,0.5,1.0,1,7.6,0.0,10.0,21.4,15.4,1323.0,3.3,8.2,0.0,132,24696
2023-05-15,clery,32.5,,parcelle_1,10.0,3.25,0,0.3333333333333333,3.0,3,8.5,1.0,9.7,23.1,17.3,2036.0,3.2,7.1,0.0,135,24696
2023-05-16,clery,35.5,,parcelle_1,10.0,3.55,1,0.3333333333333333,1.0,1,3.25,0.2,15.1,26.8,20.0,1619.0,4.1,8.2,0.0,136,24696
2023-05-17,clery,53.0,,parcelle_1,10.0,5.3,2,0.3333333333333333,1.0,1,3.55,0.0,16.0,23.1,18.7,713.0,3.0,5.4,0.0,137,24696
2023-05-19,clery,66.5,,parcelle_1,10.0,6.65,4,0.5,2.0,2,5.3,0.4,15.0,20.1,17.1,1431.0,3.0,6.0,0.0,139,24696
2023-05-22,clery,13.5,,parcelle_1,10.0,1.35,0,0.3333333333333333,3.0,3,6.65,0.0,14.4,25.1,20.5,1127.0,2.2,5.0,0.0,142,24696
2023-05-23,clery,22.5,,parcelle_1,10.0,2.25,1,0.3333333333333333,1.0,1,1.35,0.0,14.5,25.8,21.0,1156.0,2.2,6.8,0.0,143,24696
2023-05-24,clery,22.0,,parcelle_1,10.0,2.2,2,0.3333333333333333,1.0,1,2.25,0.2,14.3,23.0,19.7,925.0,2.5,5.5,0.0,144,24696
2023-05-25,clery,18.5,,parcelle_1,10.0,1.85,3,0.5,1.0,1,2.2,15.5,16.2,22.1,18.5,1209.0,3.0,7.3,0.0,145,24696
2023-05-26,clery,33.5,,parcelle_1,10.0,3.35,4,0.5,1.0,1,1.85,0.0,14.9,25.4,21.1,1455.0,3.2,7.5,0.0,146,24696
2023-05-29,clery,13.5,,parcelle_1,10.0,1.35,0,0.3333333333333333,3.0,3,3.35,0.0,14.2,25.6,21.1,1313.0,3.2,6.1,0.0,149,24696
2023-05-30,clery,25.0,,parcelle_1,10.0,2.5,1,0.3333333333333333,1.0,1,1.35,0.0,18.4,26.7,23.0,925.0,3.3,6.1,0.0,150,24696
2023-05-31,clery,20.0,,parcelle_1,10.0,2.0,2,0.3333333333333333,1.0,1,2.5,0.6,17.4,23.6,20.0,959.0,2.4,5.8,0.0,151,24696
2023-06-01,clery,26.5,,parcelle_1,10.0,2.65,3,0.5,1.0,1,2.0,0.0,14.8,24.8,20.2,1102.0,2.6,6.3,0.0,152,24696
2023-06-02,clery,38.0,,parcelle_1,10.0,3.8,4,0.5,1.0,1,2.65,0.0,14.9,24.0,20.2,1102.0,2.9,6.4,0.0,153,24696
2023-06-05,clery,32.5,,parcelle_1,10.0,3.25,0,0.3333333333333333,3.0,3,3.8,0.0,15.7,24.6,20.8,1157.0,2.4,5.4,0.0,156,24696
2023-06-06,clery,55.5,,parcelle_1,10.0,5.55,1,0.3333333333333333,1.0,1,3.25,0.0,16.5,24.9,21.4,1459.0,3.9,8.7,0.0,157,24696
2023-06-07,clery,75.5,,parcelle_1,10.0,7.55,2,0.3333333333333333,1.0,1,5.55,0.0,16.8,25.7,21.6,1513.0,3.0,6.0,0.0,158,24696
2023-06-08,clery,79.5,,parcelle_1,10.0,7.95,3,0.5,1.0,1,7.55,0.0,16.5,25.8,21.6,1528.0,2.2,5.5,0.0,159,24696
2023-06-09,clery,130.0,,parcelle_1,10.0,13.0,4,0.5,1.0,1,7.95,0.0,17.6,24.9,21.3,1424.0,2.5,5.9,0.0,160,24696
2023-06-12,clery,95.0,,parcelle_1,10.0,9.5,0,0.3333333333333333,3.0,3,13.0,0.0,17.7,27.1,22.9,849.0,2.6,5.2,0.0,163,24696
2023-06-13,clery,180.5,,parcelle_1,10.0,18.05,1,0.3333333333333333,1.0,1,9.5,4.6,18.2,26.9,22.1,1340.0,2.9,5.5,0.0,164,24696
2023-06-14,clery,122.0,,parcelle_1,10.0,12.2,2,0.3333333333333333,1.0,1,18.05,4.6,18.5,26.6,21.2,1729.0,2.1,4.7,0.0,165,24696
2023-06-15,clery,133.5,,parcelle_1,10.0,13.35,3,0.5,1.0,1,12.2,0.0,16.9,27.8,22.6,1416.0,2.6,5.3,0.0,166,24696
2023-06-16,clery,169.5,,parcelle_1,10.0,16.95,4,0.5,1.0,1,13.35,0.0,15.2,27.9,22.8,1645.0,2.6,6.4,0.0,167,24696
2023-06-19,clery,86.0,,parcelle_1,10.0,8.6,0,0.3333333333333333,3.0,3,16.95,0.0,18.1,27.8,23.8,1523.0,3.7,7.5,0.0,170,24696
2023-06-20,clery,36.5,,parcelle_1,10.0,3.65,1,0.3333333333333333,1.0,1,8.6,0.0,21.4,29.2,25.5,1047.0,5.5,10.1,0.0,171,24696
2023-06-21,clery,112.0,,parcelle_1,10.0,11.2,2,0.3333333333333333,1.0,1,3.65,0.2,22.0,30.3,26.2,1221.0,4.8,8.5,0.0,172,24696
2023-06-22,clery,435.0,,parcelle_1,10.0,43.5,3,0.5,1.0,1,11.2,0.0,22.4,29.5,25.8,1227.0,3.5,9.7,0.0,173,24696
2023-06-23,clery,259.5,,parcelle_1,10.0,25.95,4,0.5,1.0,1,43.5,0.0,20.4,33.9,27.6,914.0,3.2,6.9,0.0,174,24696
2023-06-24,clery,20.0,,parcelle_1,10.0,2.0,5,0.5,1.0,1,25.95,0.0,17.7,30.5,25.5,1332.0,2.0,5.0,0.0,175,24696
2023-06-26,clery,293.5,,parcelle_1,10.0,29.35,0,0.3333333333333333,2.0,2,2.0,0.0,16.8,31.2,24.9,959.0,1.9,5.0,0.0,177,24696
2023-06-27,clery,221.0,,parcelle_1,10.0,22.1,1,0.3333333333333333,1.0,1,29.35,0.2,18.2,29.9,24.6,1435.0,2.2,5.3,0.0,178,24696
2023-06-28,clery,204.0,,parcelle_1,10.0,20.4,2,0.3333333333333333,1.0,1,22.1,0.0,18.2,29.0,24.8,1133.0,2.5,5.6,0.0,179,24696
2023-06-29,clery,207.5,,parcelle_1,10.0,20.75,3,0.5,1.0,1,20.4,6.1,19.6,30.2,25.6,2308.0,2.2,5.2,0.0,180,24696
2023-06-30,clery,219.0,,parcelle_1,10.0,21.9,4,0.5,1.0,1,20.75,0.0,20.8,28.1,24.8,1021.0,5.3,11.1,0.0,181,24696
2023-07-01,clery,0.613,,parcelle_1,10.0,0.0613,5,0.5,1.0,1,21.9,0.0,17.7,31.5,25.7,1404.0,5.9,10.8,0.0,182,24696
2023-07-02,clery,0.699,,parcelle_1,10.0,0.06989999999999999,6,0.0,1.0,1,0.0613,0.0,22.5,32.7,26.5,14.0,4.5,10.6,0.0,183,24696
2023-07-03,clery,200.122,,parcelle_1,10.0,20.0122,0,0.3333333333333333,1.0,1,0.06989999999999999,0.0,19.1,31.5,26.0,1450.0,4.5,8.7,0.0,184,24696
2023-07-04,clery,157.904,,parcelle_1,10.0,15.7904,1,0.3333333333333333,1.0,1,20.0122,0.0,16.3,29.4,25.2,1658.0,3.9,10.4,0.0,185,24696
2023-07-05,clery,55.5,,parcelle_1,10.0,5.55,2,0.3333333333333333,1.0,1,15.7904,0.0,17.6,30.9,25.7,1206.0,4.7,10.6,0.0,186,24696
2023-07-06,clery,79.381,,parcelle_1,10.0,7.9381,3,0.5,1.0,1,5.55,0.0,18.7,30.3,24.8,1442.0,2.9,6.8,0.0,187,24696
2023-07-07,clery,49.901,,parcelle_1,10.0,4.9901,4,0.5,1.0,1,7.9381,0.0,21.9,30.0,26.8,1135.0,4.2,8.4,0.0,188,24696
2023-07-08,clery,3.658,,parcelle_1,10.0,0.3658,5,0.5,1.0,1,4.9901,0.0,25.2,32.0,28.2,732.0,5.1,8.7,0.0,189,24696
2023-07-09,clery,0.327,,parcelle_1,10.0,0.0327,6,0.0,1.0,1,0.3658,0.0,19.5,31.1,25.9,1238.0,3.2,8.2,0.0,190,24696
2023-07-10,clery,82.578,,parcelle_1,10.0,8.2578,0,0.3333333333333333,1.0,1,0.0327,0.0,18.7,33.5,26.8,1259.0,2.2,5.1,0.0,191,24696
2023-07-11,clery,20.335,,parcelle_1,10.0,2.0335,1,0.3333333333333333,1.0,1,8.2578,0.0,19.9,29.7,25.7,1239.0,3.1,6.7,0.0,192,24696
2023-07-12,clery,0.942,,parcelle_1,10.0,0.09419999999999999,2,0.3333333333333333,1.0,1,2.0335,0.0,21.3,29.7,26.2,1257.0,3.2,8.8,0.0,193,24696
2023-07-13,clery,10.857,,parcelle_1,10.0,1.0856999999999999,3,0.5,1.0,1,0.09419999999999999,0.0,22.4,35.9,29.1,1313.0,4.1,11.3,0.0,194,24696
2023-07-14,clery,13.689,,parcelle_1,10.0,1.3689,4,0.5,1.0,1,1.0856999999999999,0.0,16.4,31.2,25.1,1550.0,2.9,5.9,0.0,195,24696
2023-07-17,clery,1.066,,parcelle_1,10.0,0.1066,0,0.3333333333333333,3.0,1,1.3689,0.0,21.1,31.1,26.6,1605.0,2.9,7.9,0.0,198,24696
2024-03-15,clery,27.5,,parcelle_1,10.0,2.75,4,0.5,242.0,1,0.1066,0.2,5.6,16.5,11.7,1240.0,3.2,10.3,0.0,75,21168
2024-03-18,clery,80.0,,parcelle_1,10.0,8.0,0,0.3333333333333333,3.0,3,2.75,0.2,12.2,22.2,15.6,1233.0,3.2,8.6,0.0,78,21168
2024-03-19,clery,45.0,,parcelle_1,10.0,4.5,1,0.3333333333333333,1.0,1,8.0,0.2,8.2,18.9,13.7,1346.0,2.0,4.7,0.0,79,21168
2024-03-20,clery,104.0,,parcelle_1,10.0,10.4,2,0.3333333333333333,1.0,1,4.5,0.2,8.6,18.4,13.5,1210.0,2.0,6.2,0.0,80,21168
2024-03-21,clery,53.0,,parcelle_1,10.0,5.3,3,0.5,1.0,1,10.4,0.2,7.2,20.2,14.0,1121.0,3.8,10.0,0.0,81,21168
2024-03-22,clery,140.0,,parcelle_1,10.0,14.0,4,0.5,1.0,1,5.3,0.2,7.9,18.3,13.5,1040.0,2.0,4.7,0.0,82,21168
2024-03-25,clery,253.0,,parcelle_1,10.0,25.3,0,0.3333333333333333,3.0,3,14.0,0.6,7.1,15.8,12.4,2324.0,6.7,11.5,0.0,85,21168
2024-03-26,clery,48.0,,parcelle_1,10.0,4.8,1,0.3333333333333333,1.0,1,25.3,24.4,10.9,13.0,11.8,746.0,9.1,13.9,0.0,86,21168
2024-03-27,clery,223.5,,parcelle_1,10.0,22.35,2,0.3333333333333333,1.0,1,4.8,0.2,9.1,15.1,11.5,47.0,5.5,11.0,0.0,87,21168
2024-03-28,clery,269.0,,parcelle_1,10.0,26.9,3,0.5,1.0,1,22.35,0.0,7.2,19.5,14.8,1159.0,3.6,11.3,0.0,88,21168
2024-03-29,clery,342.5,,parcelle_1,10.0,34.25,4,0.5,1.0,1,26.9,0.0,11.7,18.4,16.0,1451.0,6.3,10.4,0.0,89,21168
2024-03-30,clery,194.0,,parcelle_1,10.0,19.4,5,0.5,1.0,1,34.25,13.3,15.1,17.4,15.7,601.0,6.2,10.9,0.0,90,21168
2024-04-01,clery,375.5,,parcelle_1,10.0,37.55,0,0.3333333333333333,2.0,2,19.4,0.0,10.4,17.1,13.4,1058.0,5.7,10.9,0.0,92,21168
2024-04-02,clery,226.5,,parcelle_1,10.0,22.65,1,0.3333333333333333,1.0,1,37.55,0.0,5.6,19.3,13.4,1332.0,5.1,13.8,0.0,93,21168
2024-04-03,clery,253.5,,parcelle_1,10.0,25.35,2,0.3333333333333333,1.0,1,22.65,0.0,10.4,19.6,15.3,1503.0,3.8,9.1,0.0,94,21168
2024-04-04,clery,343.5,,parcelle_1,10.0,34.35,3,0.5,1.0,1,25.35,0.0,10.8,20.8,15.5,8.0,3.0,6.9,0.0,95,21168
2024-04-05,clery,322.5,,parcelle_1,10.0,32.25,4,0.5,1.0,1,34.35,0.2,8.6,18.2,13.2,1042.0,2.5,5.0,0.0,96,21168
2024-04-06,clery,152.0,,parcelle_1,10.0,15.2,5,0.5,1.0,1,32.25,0.2,7.5,18.2,13.5,1224.0,2.9,7.4,0.0,97,21168
2024-04-08,clery,319.0,,parcelle_1,10.0,31.9,0,0.3333333333333333,2.0,2,15.2,0.2,10.0,20.9,16.5,1338.0,3.5,7.9,0.0,99,21168
2024-04-09,clery,187.5,,parcelle_1,10.0,18.75,1,0.3333333333333333,1.0,1,31.9,0.4,14.5,18.3,15.8,2138.0,4.9,11.2,0.0,100,21168
2024-04-10,clery,247.5,,parcelle_1,10.0,24.75,2,0.3333333333333333,1.0,1,18.75,0.0,11.4,21.5,14.9,116.0,4.7,11.5,0.0,101,21168
2024-04-11,clery,326.0,,parcelle_1,10.0,32.6,3,0.5,1.0,1,24.75,0.0,10.7,20.8,15.8,1253.0,2.7,6.0,0.0,102,21168
2024-04-12,clery,356.5,,parcelle_1,10.0,35.65,4,0.5,1.0,1,32.6,0.2,10.7,24.6,17.2,1313.0,2.1,5.2,0.0,103,21168
2024-04-13,clery,193.0,,parcelle_1,10.0,19.3,5,0.5,1.0,1,35.65,0.0,9.4,24.1,17.7,1134.0,1.5,3.3,0.0,104,21168
2024-04-15,clery,337.0,,parcelle_1,10.0,33.7,0,0.3333333333333333,2.0,2,19.3,0.0,9.1,25.1,18.1,1615.0,4.5,9.0,0.0,106,21168
2024-04-16,clery,264.0,,parcelle_1,10.0,26.4,1,0.3333333333333333,1.0,1,33.7,0.0,15.2,20.9,17.1,2039.0,10.2,16.3,0.0,107,21168
2024-04-17,clery,198.5,,parcelle_1,10.0,19.85,2,0.3333333333333333,1.0,1,26.4,0.0,11.5,19.3,15.0,1600.0,9.8,14.5,0.0,108,21168
2024-04-18,clery,50.0,,parcelle_1,10.0,5.0,3,0.5,1.0,1,19.85,0.0,10.3,17.7,12.8,1031.0,6.1,12.0,0.0,109,21168
2024-04-19,clery,197.0,,parcelle_1,10.0,19.7,4,0.5,1.0,1,5.0,0.0,7.4,21.6,14.9,1905.0,5.7,12.3,0.0,110,21168
2024-04-22,clery,148.5,,parcelle_1,10.0,14.85,0,0.3333333333333333,3.0,2,19.7,0.0,7.7,17.5,11.2,1602.0,4.3,8.4,0.0,113,21168
2024-04-23,clery,89.5,,parcelle_1,10.0,8.95,1,0.3333333333333333,1.0,1,14.85,2.8,3.4,16.1,10.0,1408.0,3.4,8.8,0.0,114,21168
2024-04-24,clery,87.0,,parcelle_1,10.0,8.7,2,0.3333333333333333,1.0,1,8.95,0.0,6.7,18.9,13.3,2058.0,5.2,9.3,0.0,115,21168
2024-04-25,clery,7.5,,parcelle_1,10.0,0.75,3,0.5,1.0,1,8.7,0.0,8.6,17.5,13.3,1300.0,5.8,10.8,0.0,116,21168
2024-04-26,clery,68.0,,parcelle_1,10.0,6.8,4,0.5,1.0,1,0.75,45.8,8.2,13.1,10.4,1027.0,2.4,5.1,0.0,117,21168
2024-04-29,clery,50.0,,parcelle_1,10.0,5.0,0,0.3333333333333333,3.0,3,6.8,0.0,10.3,21.3,17.8,1450.0,4.7,9.1,0.0,120,21168
2024-04-30,clery,53.5,,parcelle_1,10.0,5.35,1,0.3333333333333333,1.0,1,5.0,1.6,16.3,21.2,17.9,1241.0,4.8,7.9,0.0,121,21168
2024-05-02,clery,40.0,,parcelle_1,10.0,4.0,3,0.5,2.0,2,5.35,1.4,11.4,14.6,12.9,1743.0,6.9,11.0,0.0,123,21168
2024-05-03,clery,26.5,,parcelle_1,10.0,2.65,4,0.5,1.0,1,4.0,0.0,11.7,19.1,15.8,1639.0,7.6,12.9,0.0,124,21168
2024-05-06,clery,33.5,,parcelle_1,10.0,3.35,0,0.3333333333333333,3.0,3,2.65,0.4,11.2,19.4,15.7,852.0,3.3,6.8,0.0,127,21168
2024-05-07,clery,23.5,,parcelle_1,10.0,2.35,1,0.3333333333333333,1.0,1,3.35,0.0,13.1,20.9,16.9,1501.0,5.1,12.4,0.0,128,21168
2024-05-10,clery,45.5,,parcelle_1,10.0,4.55,4,0.5,3.0,3,2.35,0.0,13.7,23.2,18.8,1033.0,2.6,5.4,0.0,131,21168
2024-05-13,clery,11.5,,parcelle_1,10.0,1.15,0,0.3333333333333333,3.0,3,4.55,0.2,12.4,22.0,17.6,1235.0,2.7,6.7,0.0,134,21168
2024-05-14,clery,15.0,,parcelle_1,10.0,1.5,1,0.3333333333333333,1.0,1,1.15,12.2,13.3,21.2,16.9,1626.0,4.2,9.0,0.0,135,21168
2024-05-16,clery,8.5,,parcelle_1,10.0,0.85,3,0.5,2.0,2,1.5,0.0,14.3,21.4,17.5,1554.0,4.5,9.9,0.0,137,21168
2024-05-17,clery,9.0,,parcelle_1,10.0,0.9,4,0.5,1.0,1,0.85,0.2,9.8,20.9,16.6,1247.0,2.9,6.7,0.0,138,21168
2024-05-20,clery,13.5,,parcelle_1,10.0,1.35,0,0.3333333333333333,3.0,3,0.9,0.0,12.3,21.5,18.1,1244.0,2.1,6.1,0.0,141,21168
2024-05-21,clery,6.0,,parcelle_1,10.0,0.6,1,0.3333333333333333,1.0,1,1.35,0.0,13.1,22.3,18.9,1332.0,6.7,12.2,0.0,142,21168
2024-05-22,clery,7.0,,parcelle_1,10.0,0.7,2,0.3333333333333333,1.0,1,0.6,0.0,16.0,22.7,19.4,1200.0,6.8,12.4,0.0,143,21168
2024-05-23,clery,8.0,,parcelle_1,10.0,0.8,3,0.5,1.0,1,0.7,0.0,14.5,21.7,18.7,1411.0,5.6,12.4,0.0,144,21168
2024-05-24,clery,5.0,,parcelle_1,10.0,0.5,4,0.5,1.0,1,0.8,0.2,11.3,22.8,17.8,1300.0,2.8,7.3,0.0,145,21168
2024-05-27,clery,7.0,,parcelle_1,10.0,0.7,0,0.3333333333333333,3.0,3,0.5,0.0,13.6,23.9,18.8,1720.0,2.4,7.0,0.0,148,21168
2024-05-28,clery,3.0,,parcelle_1,10.0,0.3,1,0.3333333333333333,1.0,1,0.7,0.0,14.4,25.2,20.0,1042.0,2.2,6.1,0.0,149,21168
2024-05-29,clery,5.0,,parcelle_1,10.0,0.5,2,0.3333333333333333,1.0,1,0.3,0.0,13.4,25.7,21.0,2114.0,3.2,7.5,0.0,150,21168
2024-05-30,clery,11.5,,parcelle_1,10.0,1.15,3,0.5,1.0,1,0.5,0.0,19.8,27.4,22.7,1439.0,7.2,13.4,0.0,151,21168
2024-05-31,clery,8.5,,parcelle_1,10.0,0.85,4,0.5,1.0,1,1.15,0.0,16.6,26.4,21.2,948.0,6.2,11.3,0.0,152,21168
2024-06-03,clery,22.5,,parcelle_1,10.0,2.25,0,0.3333333333333333,3.0,3,0.85,0.2,11.8,23.7,19.1,1624.0,2.3,4.6,0.0,155,21168
2024-06-04,clery,11.0,,parcelle_1,10.0,1.1,1,0.3333333333333333,1.0,1,2.25,0.0,13.7,22.8,19.2,1218.0,2.6,6.8,0.0,156,21168
2024-06-05,clery,19.0,,parcelle_1,10.0,1.9,2,0.3333333333333333,1.0,1,1.1,0.0,14.0,22.9,19.5,1452.0,3.1,7.1,0.0,157,21168
2024-06-06,clery,37.5,,parcelle_1,10.0,3.75,3,0.5,1.0,1,1.9,0.0,13.7,25.1,20.0,1502.0,2.6,6.4,0.0,158,21168
2024-06-07,clery,31.5,,parcelle_1,10.0,3.15,4,0.5,1.0,1,3.75,0.0,14.5,25.1,21.0,1422.0,2.8,7.1,0.0,159,21168
2024-06-10,clery,92.5,,parcelle_1,10.0,9.25,0,0.3333333333333333,3.0,3,3.15,0.0,16.8,28.8,22.7,1554.0,5.8,12.7,0.0,162,21168
2024-06-11,clery,103.5,,parcelle_1,10.0,10.35,1,0.3333333333333333,1.0,1,9.25,0.0,17.2,27.2,22.6,1254.0,6.1,13.9,0.0,163,21168
2024-06-12,clery,100.0,,parcelle_1,10.0,10.0,2,0.3333333333333333,1.0,1,10.35,0.0,14.3,26.6,21.2,1552.0,5.4,11.7,0.0,164,21168
2024-06-13,clery,75.5,,parcelle_1,10.0,7.55,3,0.5,1.0,1,10.0,0.0,14.5,24.2,20.0,1543.0,6.4,12.6,0.0,165,21168
2024-06-14,clery,139.5,,parcelle_1,10.0,13.95,4,0.5,1.0,1,7.55,0.0,12.9,23.8,19.6,1117.0,2.9,6.4,0.0,166,21168
2024-06-17,clery,135.0,,parcelle_1,10.0,13.5,0,0.3333333333333333,3.0,3,13.95,0.0,12.0,24.4,19.8,1507.0,3.1,6.6,0.0,169,21168
2024-06-18,clery,129.0,,parcelle_1,10.0,12.9,1,0.3333333333333333,1.0,1,13.5,0.0,14.9,28.2,23.7,1549.0,4.7,8.1,0.0,170,21168
2024-06-19,clery,226.0,,parcelle_1,10.0,22.6,2,0.3333333333333333,1.0,1,12.9,2.6,20.6,27.0,23.7,1454.0,3.7,8.6,0.0,171,21168
2024-06-20,clery,92.5,,parcelle_1,10.0,9.25,3,0.5,1.0,1,22.6,3.4,20.5,30.7,24.2,1711.0,4.3,8.9,0.0,172,21168
2024-06-21,clery,251.0,,parcelle_1,10.0,25.1,4,0.5,1.0,1,9.25,0.0,21.7,26.8,24.0,1609.0,5.5,11.3,0.0,173,21168
2024-06-24,clery,65.0,,parcelle_1,10.0,6.5,0,0.3333333333333333,3.0,3,25.1,1.2,16.3,24.7,20.1,1144.0,2.0,6.5,0.0,176,21168
2024-06-25,clery,94.0,,parcelle_1,10.0,9.4,1,0.3333333333333333,1.0,1,6.5,0.0,16.5,24.0,20.9,1039.0,1.8,4.4,0.0,177,21168
2024-06-26,clery,157.0,,parcelle_1,10.0,15.7,2,0.3333333333333333,1.0,1,9.4,0.0,16.8,25.2,22.0,1350.0,4.6,11.0,0.0,178,21168
2024-07-01,clery,120.0,,parcelle_1,10.0,12.0,0,0.3333333333333333,5.0,5,15.7,0.0,17.8,32.6,24.7,1443.0,3.2,8.9,0.0,183,21168
2024-07-02,clery,108.0,,parcelle_1,10.0,10.8,1,0.3333333333333333,1.0,1,12.0,0.0,19.7,32.0,26.1,1457.0,3.8,7.3,0.0,184,21168
2024-07-03,clery,48.5,,parcelle_1,10.0,4.85,2,0.3333333333333333,1.0,1,10.8,0.0,20.0,31.7,25.0,1239.0,4.5,8.2,0.0,185,21168
2024-07-04,clery,46.5,,parcelle_1,10.0,4.65,3,0.5,1.0,1,4.85,0.0,20.9,29.9,25.0,1515.0,4.9,10.4,0.0,186,21168
2024-07-05,clery,49.0,,parcelle_1,10.0,4.9,4,0.5,1.0,1,4.65,0.0,16.1,26.8,22.6,1512.0,4.4,10.0,0.0,187,21168
2024-07-08,clery,31.5,,parcelle_1,10.0,3.15,0,0.3333333333333333,3.0,3,4.9,0.0,15.4,28.7,22.5,1116.0,2.5,5.5,0.0,190,21168
2024-07-09,clery,26.5,,parcelle_1,10.0,2.65,1,0.3333333333333333,1.0,1,3.15,0.0,15.6,30.4,23.3,1344.0,2.6,7.3,0.0,191,21168
2025-03-17,clery,13.5,,parcelle_1,10.0,1.35,0,0.3333333333333333,251.0,3,2.65,0.2,0.7,15.0,7.7,1537.0,2.5,5.4,0.0,76,20580
2025-03-18,clery,20.0,,parcelle_1,10.0,2.0,1,0.3333333333333333,1.0,1,1.35,0.0,3.4,15.1,10.7,1304.0,7.1,12.7,0.0,77,20580
2025-03-19,clery,23.5,,parcelle_1,10.0,2.35,2,0.3333333333333333,1.0,1,2.0,0.0,10.3,13.9,11.0,1008.0,7.0,10.8,0.0,78,20580
2025-03-20,clery,184.0,,parcelle_1,10.0,18.4,3,0.5,1.0,1,2.35,0.0,8.2,15.5,12.4,1003.0,5.7,10.8,0.0,79,20580
2025-03-24,clery,213.5,,parcelle_1,10.0,21.35,0,0.3333333333333333,4.0,3,18.4,0.2,7.0,15.6,11.1,1436.0,3.0,6.4,0.0,83,20580
2025-03-25,clery,139.0,,parcelle_1,10.0,13.9,1,0.3333333333333333,1.0,1,21.35,1.8,5.0,17.0,12.1,1822.0,2.6,5.1,0.0,84,20580
2025-03-26,clery,173.0,,parcelle_1,10.0,17.3,2,0.3333333333333333,1.0,1,13.9,1.4,6.8,17.8,12.0,1538.0,2.3,6.7,0.0,85,20580
2025-03-27,clery,140.0,,parcelle_1,10.0,14.0,3,0.5,1.0,1,17.3,0.0,8.0,20.4,14.3,1308.0,3.3,6.8,0.0,86,20580
2025-03-28,clery,195.0,,parcelle_1,10.0,19.5,4,0.5,1.0,1,14.0,0.0,6.0,20.7,14.8,1245.0,4.1,8.7,0.0,87,20580
2025-03-31,clery,290.0,,parcelle_1,10.0,29.0,0,0.3333333333333333,3.0,3,19.5,0.0,10.4,21.4,16.0,1127.0,4.0,8.7,0.0,90,20580
2025-04-01,clery,180.0,,parcelle_1,10.0,18.0,1,0.3333333333333333,1.0,1,29.0,0.8,7.1,17.3,12.0,851.0,3.8,8.1,0.0,91,20580
2025-04-02,clery,195.5,,parcelle_1,10.0,19.55,2,0.3333333333333333,1.0,1,18.0,0.0,5.9,18.2,13.2,835.0,5.3,10.1,0.0,92,20580
2025-04-03,clery,168.0,,parcelle_1,10.0,16.8,3,0.5,1.0,1,19.55,0.0,7.6,18.4,13.4,1039.0,3.5,7.7,0.0,93,20580
2025-04-04,clery,242.0,,parcelle_1,10.0,24.2,4,0.5,1.0,1,16.8,0.0,8.0,20.1,14.2,1126.0,4.0,8.8,0.0,94,20580
2025-04-05,clery,144.0,,parcelle_1,10.0,14.4,5,0.5,1.0,1,24.2,0.0,8.4,19.5,13.9,853.0,3.0,6.3,0.0,95,20580
2025-04-07,clery,355.0,,parcelle_1,10.0,35.5,0,0.3333333333333333,2.0,2,14.4,0.0,11.9,19.2,14.6,1317.0,4.0,9.2,0.0,97,20580
2025-04-08,clery,248.5,,parcelle_1,10.0,24.85,1,0.3333333333333333,1.0,1,35.5,0.0,7.7,17.6,12.8,1147.0,3.2,7.3,0.0,98,20580
2025-04-09,clery,230.0,,parcelle_1,10.0,23.0,2,0.3333333333333333,1.0,1,24.85,0.2,8.7,17.5,13.5,1544.0,3.0,6.1,0.0,99,20580
2025-04-10,clery,149.0,,parcelle_1,10.0,14.9,3,0.5,1.0,1,23.0,0.2,9.0,18.7,13.7,1612.0,2.9,7.3,0.0,100,20580
2025-04-11,clery,305.0,,parcelle_1,10.0,30.5,4,0.5,1.0,1,14.9,0.2,7.5,18.7,13.5,1341.0,3.6,9.7,0.0,101,20580
2025-04-12,clery,83.0,,parcelle_1,10.0,8.3,5,0.5,1.0,1,30.5,1.8,8.5,17.4,14.2,1325.0,3.8,7.3,0.0,102,20580
2025-04-14,clery,300.5,,parcelle_1,10.0,30.05,0,0.3333333333333333,2.0,2,8.3,22.4,13.8,18.6,14.9,1303.0,4.4,9.1,0.0,104,20580
2025-04-15,clery,287.0,,parcelle_1,10.0,28.7,1,0.3333333333333333,1.0,1,30.05,12.7,12.9,17.2,15.4,1659.0,4.3,7.0,0.0,105,20580
2025-04-16,clery,163.0,,parcelle_1,10.0,16.3,2,0.3333333333333333,1.0,1,28.7,6.6,12.2,15.6,13.6,103.0,2.6,6.5,0.0,106,20580
2025-04-17,clery,168.5,,parcelle_1,10.0,16.85,3,0.5,1.0,1,16.3,2.4,11.1,17.0,12.8,935.0,5.8,11.1,0.0,107,20580
2025-04-18,clery,87.0,,parcelle_1,10.0,8.7,4,0.5,1.0,1,16.85,0.0,7.5,18.2,13.3,1520.0,3.6,9.4,0.0,108,20580
2025-04-19,clery,106.0,,parcelle_1,10.0,10.6,5,0.5,1.0,1,8.7,3.8,9.8,19.0,16.1,1609.0,7.8,12.2,0.0,109,20580
2025-04-20,clery,192.0,,parcelle_1,10.0,19.2,6,0.0,1.0,1,10.6,0.0,9.3,17.6,14.1,1458.0,2.7,5.0,0.0,110,20580
2025-04-22,clery,188.0,,parcelle_1,10.0,18.8,1,0.3333333333333333,2.0,1,19.2,0.2,7.9,20.8,14.9,1509.0,2.0,5.3,0.0,112,20580
2025-04-23,clery,227.0,,parcelle_1,10.0,22.7,2,0.3333333333333333,1.0,1,18.8,0.0,8.3,21.6,16.3,1355.0,5.4,12.1,0.0,113,20580
2025-04-24,clery,251.5,,parcelle_1,10.0,25.15,3,0.5,1.0,1,22.7,0.0,15.0,24.1,18.8,427.0,5.5,12.1,0.0,114,20580
2025-04-25,clery,153.0,,parcelle_1,10.0,15.3,4,0.5,1.0,1,25.15,0.0,11.1,22.7,16.6,1223.0,3.2,6.6,0.0,115,20580
2025-04-26,clery,62.0,,parcelle_1,10.0,6.2,5,0.5,1.0,1,15.3,0.0,9.1,19.1,15.3,1024.0,2.9,7.3,0.0,116,20580
2025-04-28,clery,180.0,,parcelle_1,10.0,18.0,0,0.3333333333333333,2.0,2,6.2,0.0,13.4,21.5,17.3,1348.0,3.3,7.5,0.0,118,20580
2025-04-29,clery,100.0,,parcelle_1,10.0,10.0,1,0.3333333333333333,1.0,1,18.0,0.0,11.8,21.2,17.0,949.0,2.9,6.5,0.0,119,20580
2025-04-30,clery,129.0,,parcelle_1,10.0,12.9,2,0.3333333333333333,1.0,1,10.0,0.0,10.5,24.0,17.6,1159.0,2.2,3.8,0.0,120,20580
2025-05-02,clery,91.5,,parcelle_1,10.0,9.15,4,0.5,2.0,2,12.9,0.0,11.4,23.9,18.7,929.0,2.4,4.5,0.0,122,20580
2025-05-05,clery,18.5,,parcelle_1,10.0,1.85,0,0.3333333333333333,3.0,3,9.15,0.0,13.9,22.0,17.2,1405.0,4.8,9.4,0.0,125,20580
2025-05-06,clery,36.0,,parcelle_1,10.0,3.6,1,0.3333333333333333,1.0,1,1.85,0.0,8.7,19.6,14.7,1203.0,4.7,10.5,0.0,126,20580
2025-05-07,clery,59.0,,parcelle_1,10.0,5.9,2,0.3333333333333333,1.0,1,3.6,0.0,7.3,18.7,14.1,1403.0,4.8,10.4,0.0,127,20580
2025-05-09,clery,22.0,,parcelle_1,10.0,2.2,4,0.5,2.0,2,5.9,0.0,8.7,20.4,15.4,1531.0,2.4,5.2,0.0,129,20580
2025-05-13,clery,25.0,,parcelle_1,10.0,2.5,1,0.3333333333333333,4.0,4,2.2,0.2,8.8,20.6,16.2,1310.0,3.0,7.3,0.0,133,20580
2025-05-14,clery,18.5,,parcelle_1,10.0,1.85,2,0.3333333333333333,1.0,1,2.5,0.0,10.8,21.7,16.7,949.0,2.7,6.4,0.0,134,20580
2025-05-15,clery,27.0,,parcelle_1,10.0,2.7,3,0.5,1.0,1,1.85,0.0,10.7,23.5,18.2,1442.0,3.3,6.9,0.0,135,20580
2025-05-16,clery,40.5,,parcelle_1,10.0,4.05,4,0.5,1.0,1,2.7,0.8,13.0,21.7,17.8,741.0,3.4,7.6,0.0,136,20580
2025-05-19,clery,31.0,,parcelle_1,10.0,3.1,0,0.3333333333333333,3.0,3,4.05,1.4,12.5,22.7,18.5,1951.0,3.4,7.9,0.0,139,20580
2025-05-20,clery,9.5,,parcelle_1,10.0,0.95,1,0.3333333333333333,1.0,1,3.1,12.7,15.7,22.7,17.9,838.0,2.9,7.0,0.0,140,20580
2025-05-21,clery,19.5,,parcelle_1,10.0,1.95,2,0.3333333333333333,1.0,1,0.95,0.0,11.7,25.1,19.9,1504.0,5.2,11.1,0.0,141,20580
2025-05-22,clery,41.0,,parcelle_1,10.0,4.1,3,0.5,1.0,1,1.95,0.0,16.3,23.1,19.2,1738.0,7.1,11.4,0.0,142,20580
2025-05-23,clery,10.5,,parcelle_1,10.0,1.05,4,0.5,1.0,1,4.1,0.0,12.5,23.0,18.1,948.0,2.8,6.0,0.0,143,20580
2025-05-26,clery,123.5,,parcelle_1,10.0,12.35,0,0.3333333333333333,3.0,3,1.05,0.0,12.9,27.2,20.2,1215.0,3.0,9.6,0.0,146,20580
2025-05-30,clery,208.0,,parcelle_1,10.0,20.8,4,0.5,4.0,1,12.35,0.2,13.0,25.4,20.2,1250.0,2.5,5.3,0.0,150,20580
2025-06-02,clery,170.0,,parcelle_1,10.0,17.0,0,0.3333333333333333,3.0,3,20.8,0.2,16.3,26.8,21.3,1146.0,2.7,5.9,0.0,153,20580
2025-06-03,clery,156.5,,parcelle_1,10.0,15.65,1,0.3333333333333333,1.0,1,17.0,0.0,16.7,25.4,21.9,1042.0,4.6,8.9,0.0,154,20580
2025-06-04,clery,31.5,,parcelle_1,10.0,3.15,2,0.3333333333333333,1.0,1,15.65,0.0,20.5,25.0,21.7,403.0,4.7,8.8,0.0,155,20580
2025-06-05,clery,115.0,,parcelle_1,10.0,11.5,3,0.5,1.0,1,3.15,0.2,16.0,24.9,20.8,1258.0,3.2,6.5,0.0,156,20580
2025-06-06,clery,113.5,,parcelle_1,10.0,11.35,4,0.5,1.0,1,11.5,0.0,15.0,25.0,20.7,1204.0,3.7,8.1,0.0,157,20580
2025-06-07,clery,123.5,,parcelle_1,10.0,12.35,5,0.5,1.0,1,11.35,0.2,14.4,25.6,21.4,1604.0,3.4,7.6,0.0,158,20580
2025-06-09,clery,169.0,,parcelle_1,10.0,16.9,0,0.3333333333333333,2.0,2,12.35,0.0,14.0,26.9,21.3,1244.0,2.4,5.8,0.0,160,20580
2025-06-10,clery,169.0,,parcelle_1,10.0,16.9,1,0.3333333333333333,1.0,1,16.9,0.0,16.2,29.2,23.8,1710.0,3.5,8.5,0.0,161,20580
2025-06-11,clery,239.0,,parcelle_1,10.0,23.9,2,0.3333333333333333,1.0,1,16.9,0.2,12.5,27.6,21.6,1924.0,2.5,4.9,0.0,162,20580
2025-06-12,clery,256.0,,parcelle_1,10.0,25.6,3,0.5,1.0,1,23.9,0.0,15.7,26.0,21.4,912.0,2.7,6.0,0.0,163,20580
2025-06-13,clery,245.5,,parcelle_1,10.0,24.55,4,0.5,1.0,1,25.6,0.2,15.1,29.4,22.4,1551.0,2.0,5.0,0.0,164,20580
2025-06-14,clery,143.5,,parcelle_1,10.0,14.35,5,0.5,1.0,1,24.55,0.0,16.0,30.8,24.0,1437.0,2.9,7.4,0.0,165,20580
2025-06-16,clery,161.5,,parcelle_1,10.0,16.15,0,0.3333333333333333,2.0,2,14.35,0.0,21.6,33.5,27.1,1502.0,3.3,7.3,0.0,167,20580
2025-06-17,clery,295.0,,parcelle_1,10.0,29.5,1,0.3333333333333333,1.0,1,16.15,0.0,17.6,28.1,23.8,1143.0,3.2,8.1,0.0,168,20580
2025-06-18,clery,137.0,,parcelle_1,10.0,13.7,2,0.3333333333333333,1.0,1,29.5,0.0,19.0,31.1,25.1,1612.0,2.9,5.4,0.0,169,20580
2025-06-19,clery,148.5,,parcelle_1,10.0,14.85,3,0.5,1.0,1,13.7,0.0,19.2,31.7,26.5,1707.0,3.1,7.8,0.0,170,20580
2025-06-20,clery,160.0,,parcelle_1,10.0,16.0,4,0.5,1.0,1,14.85,0.0,16.9,31.0,24.9,1514.0,2.6,6.1,0.0,171,20580
2025-06-21,clery,154.5,,parcelle_1,10.0,15.45,5,0.5,1.0,1,16.0,0.2,18.7,30.4,25.0,1830.0,2.7,5.7,0.0,172,20580
2025-06-23,clery,201.0,,parcelle_1,10.0,20.1,0,0.3333333333333333,2.0,2,15.45,0.0,19.1,29.3,25.3,1405.0,3.8,9.3,0.0,174,20580
2025-06-24,clery,145.5,,parcelle_1,10.0,14.55,1,0.3333333333333333,1.0,1,20.1,0.2,19.6,29.2,25.4,1310.0,2.9,6.6,0.0,175,20580
2025-06-25,clery,182.5,,parcelle_1,10.0,18.25,2,0.3333333333333333,1.0,1,14.55,0.2,20.0,29.6,25.3,946.0,3.6,7.6,0.0,176,20580
2025-06-26,clery,67.0,,parcelle_1,10.0,6.7,3,0.5,1.0,1,18.25,0.0,20.6,34.3,27.9,1036.0,3.7,8.8,0.0,177,20580
2025-06-27,clery,78.0,,parcelle_1,10.0,7.8,4,0.5,1.0,1,6.7,0.0,18.0,32.0,26.8,1107.0,2.1,5.1,0.0,178,20580
2025-06-30,clery,80.0,,parcelle_1,10.0,8.0,0,0.3333333333333333,3.0,3,7.8,0.0,19.8,33.2,27.8,1403.0,2.9,5.9,0.0,181,20580
2025-07-01,clery,5.0,,parcelle_1,10.0,0.5,1,0.3333333333333333,1.0,1,8.0,0.0,23.6,33.6,28.7,1257.0,2.7,5.4,0.0,182,20580
2025-07-02,clery,21.5,,parcelle_1,10.0,2.15,2,0.3333333333333333,1.0,1,0.5,0.0,22.6,32.8,28.2,1132.0,2.5,4.9,0.0,183,20580
2025-07-03,clery,10.0,,parcelle_1,10.0,1.0,3,0.5,1.0,1,2.15,0.0,21.8,33.2,28.0,1029.0,2.7,5.7,0.0,184,20580
2025-07-04,clery,11.5,,parcelle_1,10.0,1.15,4,0.5,1.0,1,1.0,0.0,21.4,33.6,28.3,927.0,2.9,6.1,0.0,185,20580
2022-03-25,manon,16.0,,parcelle_1,10.0,1.6,4,0.5,0.0,2,,0.0,1.0,16.5,9.8,1137.0,3.6,7.0,0.0,84,10080
2022-03-29,manon,5.0,,parcelle_1,10.0,0.5,1,0.3333333333333333,4.0,1,1.6,0.6,5.8,17.3,12.1,1049.0,2.5,5.2,0.0,88,10080
2022-03-30,manon,68.0,,parcelle_1,10.0,6.8,2,0.3333333333333333,1.0,1,0.5,18.1,11.3,15.3,12.4,329.0,2.7,5.9,0.0,89,10080
2022-03-31,manon,60.5,,parcelle_1,10.0,6.05,3,0.5,1.0,1,6.8,0.0,5.7,20.6,13.7,1358.0,5.0,10.6,0.0,90,10080
2022-04-01,manon,40.0,,parcelle_1,10.0,4.0,4,0.5,1.0,1,6.05,0.0,7.3,11.7,9.2,1738.0,10.6,14.9,0.0,91,10080
2022-04-04,manon,34.0,,parcelle_1,10.0,3.4,0,0.3333333333333333,3.0,3,4.0,0.0,4.6,15.0,9.4,1232.0,3.1,7.2,0.0,94,10080
2022-04-05,manon,6.0,,parcelle_1,10.0,0.6,1,0.3333333333333333,1.0,1,3.4,0.0,2.9,15.2,9.1,1149.0,2.2,4.4,0.0,95,10080
2022-04-06,manon,197.5,,parcelle_1,10.0,19.75,2,0.3333333333333333,1.0,1,0.6,0.0,2.5,15.2,10.5,1721.0,3.1,6.5,0.0,96,10080
2022-04-07,manon,72.5,,parcelle_1,10.0,7.25,3,0.5,1.0,1,19.75,0.0,11.1,18.2,15.3,1424.0,9.5,14.7,0.0,97,10080
2022-04-08,manon,126.0,,parcelle_1,10.0,12.6,4,0.5,1.0,1,7.25,0.0,14.3,21.1,16.5,737.0,7.9,12.1,0.0,98,10080
2022-04-11,manon,198.5,,parcelle_1,10.0,19.85,0,0.3333333333333333,3.0,1,12.6,0.0,3.9,15.7,11.1,1029.0,4.2,8.0,0.0,101,10080
2022-04-12,manon,105.0,,parcelle_1,10.0,10.5,1,0.3333333333333333,1.0,1,19.85,0.0,7.4,16.3,13.3,1053.0,5.4,10.1,0.0,102,10080
2022-04-13,manon,53.5,,parcelle_1,10.0,5.35,2,0.3333333333333333,1.0,1,10.5,0.0,11.5,17.7,14.6,1114.0,4.7,10.1,0.0,103,10080
2022-04-14,manon,112.5,,parcelle_1,10.0,11.25,3,0.5,1.0,1,5.35,0.0,8.7,22.1,15.7,1124.0,2.6,7.5,0.0,104,10080
2022-04-15,manon,183.0,,parcelle_1,10.0,18.3,4,0.5,1.0,1,11.25,0.0,9.1,23.5,17.6,1603.0,2.3,5.7,0.0,105,10080
2022-04-16,manon,82.0,,parcelle_1,10.0,8.2,5,0.5,1.0,1,18.3,0.0,9.8,24.2,17.8,1430.0,2.1,5.3,0.0,106,10080
2022-04-18,manon,75.0,,parcelle_1,10.0,7.5,0,0.3333333333333333,2.0,1,8.2,0.0,5.8,18.8,13.7,1642.0,2.9,5.2,0.0,108,10080
2022-04-19,manon,181.0,,parcelle_1,10.0,18.1,1,0.3333333333333333,1.0,1,7.5,0.0,7.4,18.9,13.8,1624.0,2.9,8.5,0.0,109,10080
2022-04-20,manon,16.0,,parcelle_1,10.0,1.6,2,0.3333333333333333,1.0,1,18.1,12.1,8.1,17.5,13.7,1034.0,4.0,8.3,0.0,110,10080
2022-04-21,manon,163.0,,parcelle_1,10.0,16.3,3,0.5,1.0,1,1.6,0.0,12.7,17.7,14.9,816.0,4.4,10.1,0.0,111,10080
2022-04-22,manon,140.0,,parcelle_1,10.0,14.0,4,0.5,1.0,1,16.3,0.0,11.2,18.1,14.9,1136.0,2.2,5.8,0.0,112,10080
2022-04-23,manon,44.5,,parcelle_1,10.0,4.45,5,0.5,1.0,1,14.0,8.9,13.0,15.9,14.6,1409.0,5.6,8.8,0.0,113,10080
2022-04-25,manon,125.0,,parcelle_1,10.0,12.5,0,0.3333333333333333,2.0,2,4.45,0.0,11.7,19.9,16.0,1412.0,6.3,11.1,0.0,115,10080
2022-04-26,manon,141.5,,parcelle_1,10.0,14.15,1,0.3333333333333333,1.0,1,12.5,0.2,7.8,18.9,14.5,1323.0,3.9,11.0,0.0,116,10080
2022-04-27,manon,131.5,,parcelle_1,10.0,13.15,2,0.3333333333333333,1.0,1,14.15,0.0,8.3,18.7,14.4,1210.0,2.6,5.7,0.0,117,10080
2022-04-28,manon,219.5,,parcelle_1,10.0,21.95,3,0.5,1.0,1,13.15,0.0,9.1,21.4,16.5,1124.0,2.5,7.0,0.0,118,10080
2022-04-29,manon,128.5,,parcelle_1,10.0,12.85,4,0.5,1.0,1,21.95,0.0,8.7,21.0,16.0,1017.0,2.5,6.2,0.0,119,10080
2022-04-30,manon,81.5,,parcelle_1,10.0,8.15,5,0.5,1.0,1,12.85,0.0,8.6,20.7,14.9,1347.0,2.2,4.3,0.0,120,10080
2022-05-02,manon,123.5,,parcelle_1,10.0,12.35,0,0.3333333333333333,2.0,2,8.15,0.0,8.1,20.0,15.2,1221.0,2.3,5.2,0.0,122,10080
2022-05-03,manon,32.75,,parcelle_1,10.0,3.275,1,0.3333333333333333,1.0,1,12.35,0.0,11.3,21.2,16.5,1110.0,2.4,4.8,0.0,123,10080
2022-05-05,manon,10.5,,parcelle_1,10.0,1.05,3,0.5,2.0,1,3.275,8.9,11.1,19.6,14.9,1254.0,2.1,5.9,0.0,125,10080
2022-05-06,manon,188.5,,parcelle_1,10.0,18.85,4,0.5,1.0,1,1.05,0.4,13.0,19.3,15.8,1453.0,1.4,3.5,0.0,126,10080
2022-05-09,manon,51.0,,parcelle_1,10.0,5.1,0,0.3333333333333333,3.0,3,18.85,0.0,11.6,23.8,18.8,1158.0,2.0,4.4,0.0,129,10080
2022-05-10,manon,68.0,,parcelle_1,10.0,6.8,1,0.3333333333333333,1.0,1,5.1,0.0,13.4,23.4,19.0,1436.0,3.5,8.5,0.0,130,10080
2022-05-12,manon,52.5,,parcelle_1,10.0,5.25,3,0.5,2.0,2,6.8,0.0,11.1,22.0,17.4,1440.0,3.6,7.8,0.0,132,10080
2022-05-13,manon,70.0,,parcelle_1,10.0,7.0,4,0.5,1.0,1,5.25,0.2,10.5,22.4,17.7,1251.0,3.8,9.6,0.0,133,10080
2022-05-16,manon,98.5,,parcelle_1,10.0,9.85,0,0.3333333333333333,3.0,3,7.0,0.0,12.5,25.3,19.2,1556.0,2.4,5.5,0.0,136,10080
2022-05-17,manon,46.5,,parcelle_1,10.0,4.65,1,0.3333333333333333,1.0,1,9.85,0.0,12.2,24.1,19.1,1715.0,2.5,6.8,0.0,137,10080
2022-05-19,manon,76.5,,parcelle_1,10.0,7.65,3,0.5,2.0,2,4.65,0.0,13.9,26.3,20.9,1049.0,2.8,7.3,0.0,139,10080
2022-05-20,manon,140.0,,parcelle_1,10.0,14.0,4,0.5,1.0,1,7.65,0.0,13.0,27.3,20.8,1616.0,2.5,4.9,0.0,140,10080
2022-05-23,manon,123.0,,parcelle_1,10.0,12.3,0,0.3333333333333333,3.0,3,14.0,0.0,14.2,25.6,20.5,1023.0,3.3,7.4,0.0,143,10080
2022-05-24,manon,129.0,,parcelle_1,10.0,12.9,1,0.3333333333333333,1.0,1,12.3,2.0,14.9,28.1,21.1,1612.0,4.1,17.5,0.0,144,10080
2022-05-25,manon,72.0,,parcelle_1,10.0,7.2,2,0.3333333333333333,1.0,1,12.9,0.0,16.2,25.6,20.3,1624.0,1.8,4.0,0.0,145,10080
2022-05-27,manon,216.5,,parcelle_1,10.0,21.65,4,0.5,2.0,2,7.2,0.0,20.1,31.5,27.2,1440.0,2.7,5.3,0.0,147,10080
2022-05-30,manon,76.0,,parcelle_1,10.0,7.6,0,0.3333333333333333,3.0,3,21.65,0.0,15.2,26.1,20.3,1304.0,2.7,5.8,0.0,150,10080
2022-05-31,manon,101.5,,parcelle_1,10.0,10.15,1,0.3333333333333333,1.0,1,7.6,0.0,15.0,25.0,20.8,1712.0,2.8,5.3,0.0,151,10080
2022-06-02,manon,56.5,,parcelle_1,10.0,5.65,3,0.5,2.0,2,10.15,0.0,16.7,25.8,22.2,1540.0,3.7,7.3,0.0,153,10080
2022-06-03,manon,85.5,,parcelle_1,10.0,8.55,4,0.5,1.0,1,5.65,0.8,20.6,30.2,24.2,1733.0,4.0,7.5,0.0,154,10080
2022-06-06,manon,82.5,,parcelle_1,10.0,8.25,0,0.3333333333333333,3.0,3,8.55,0.0,17.5,30.8,25.7,1524.0,5.9,12.4,0.0,157,10080
2022-06-07,manon,90.0,,parcelle_1,10.0,9.0,1,0.3333333333333333,1.0,1,8.25,0.0,21.6,32.5,26.5,1545.0,6.2,13.8,0.0,158,10080
2022-06-09,manon,75.0,,parcelle_1,10.0,7.5,3,0.5,2.0,1,9.0,0.0,21.2,29.9,25.1,1805.0,7.5,11.6,0.0,160,10080
2022-06-10,manon,77.5,,parcelle_1,10.0,7.75,4,0.5,1.0,1,7.5,0.0,18.8,28.1,23.0,1440.0,4.1,8.4,0.0,161,10080
2022-06-11,manon,57.5,,parcelle_1,10.0,5.75,5,0.5,1.0,1,7.75,0.0,13.0,29.6,22.8,1420.0,2.6,5.7,0.0,162,10080
2022-06-14,manon,59.5,,parcelle_1,10.0,5.95,1,0.3333333333333333,3.0,3,5.75,0.0,16.1,27.6,22.9,915.0,2.0,5.2,0.0,165,10080
2022-06-15,manon,103.5,,parcelle_1,10.0,10.35,2,0.3333333333333333,1.0,1,5.95,0.0,18.4,28.5,23.8,1516.0,2.3,6.4,0.0,166,10080
2022-06-16,manon,60.0,,parcelle_1,10.0,6.0,3,0.5,1.0,1,10.35,0.2,19.2,27.7,23.9,1424.0,2.9,8.7,0.0,167,10080
2022-06-17,manon,67.0,,parcelle_1,10.0,6.7,4,0.5,1.0,1,6.0,0.0,18.1,29.2,24.3,924.0,2.1,4.9,0.0,168,10080
2022-06-20,manon,60.5,,parcelle_1,10.0,6.05,0,0.3333333333333333,3.0,3,6.7,0.0,18.7,29.7,24.8,1242.0,2.4,4.9,0.0,171,10080
2022-06-21,manon,52.0,,parcelle_1,10.0,5.2,1,0.3333333333333333,1.0,1,6.05,1.0,18.7,28.9,25.0,1728.0,3.1,6.5,0.0,172,10080
2022-06-22,manon,61.5,,parcelle_1,10.0,6.15,2,0.3333333333333333,1.0,1,5.2,1.6,22.5,28.0,24.4,956.0,2.4,6.2,0.0,173,10080
2022-06-23,manon,60.0,,parcelle_1,10.0,6.0,3,0.5,1.0,1,6.15,1.0,19.7,28.3,24.3,1645.0,2.6,5.3,0.0,174,10080
2022-06-24,manon,53.0,,parcelle_1,10.0,5.3,4,0.5,1.0,1,6.0,0.0,19.3,29.2,24.3,1600.0,5.3,11.8,0.0,175,10080
2022-06-27,manon,62.5,,parcelle_1,10.0,6.25,0,0.3333333333333333,3.0,3,5.3,0.0,22.4,30.4,26.5,1014.0,3.4,7.2,0.0,178,10080
2022-06-28,manon,19.0,,parcelle_1,10.0,1.9,1,0.3333333333333333,1.0,1,6.25,66.9,19.1,30.0,23.5,1143.0,2.4,15.7,0.0,179,10080
2022-06-29,manon,55.0,,parcelle_1,10.0,5.5,2,0.3333333333333333,1.0,1,1.9,0.0,18.1,27.9,23.6,1453.0,5.3,12.0,0.0,180,10080
2022-06-30,manon,76.0,,parcelle_1,10.0,7.6,3,0.5,1.0,1,5.5,0.0,17.5,27.3,23.2,1703.0,2.4,5.8,0.0,181,10080
2022-07-01,manon,53.5,,parcelle_1,10.0,5.35,4,0.5,1.0,1,7.6,0.0,19.5,31.2,24.5,1326.0,4.5,11.6,0.0,182,10080
2022-07-04,manon,42.0,,parcelle_1,10.0,4.2,0,0.3333333333333333,3.0,3,5.35,0.0,19.9,29.1,25.1,1358.0,3.4,7.8,0.0,185,10080
2022-07-05,manon,37.0,,parcelle_1,10.0,3.7,1,0.3333333333333333,1.0,1,4.2,0.0,19.8,35.3,28.8,1517.0,3.5,10.3,0.0,186,10080
2022-07-06,manon,35.0,,parcelle_1,10.0,3.5,2,0.3333333333333333,1.0,1,3.7,0.0,22.9,30.5,26.7,1627.0,2.6,5.4,0.0,187,10080
2022-07-07,manon,31.0,,parcelle_1,10.0,3.1,3,0.5,1.0,1,3.5,0.0,19.9,34.1,26.9,1659.0,2.7,5.7,0.0,188,10080
2022-07-08,manon,18.5,,parcelle_1,10.0,1.85,4,0.5,1.0,1,3.1,0.0,21.1,30.1,26.1,1000.0,2.7,6.5,0.0,189,10080
2023-03-17,manon,9.5,,parcelle_1,10.0,0.95,4,0.5,252.0,1,1.85,0.0,6.2,15.8,10.9,953.0,3.6,7.5,0.0,76,13458
2023-03-20,manon,15.0,,parcelle_1,10.0,1.5,0,0.3333333333333333,3.0,3,0.95,0.2,4.5,16.8,11.3,1644.0,2.1,4.3,0.0,79,13458
2023-03-22,manon,20.0,,parcelle_1,10.0,2.0,2,0.3333333333333333,2.0,2,1.5,0.0,5.2,17.5,11.9,1519.0,1.8,4.3,0.0,81,13458
2023-03-23,manon,16.5,,parcelle_1,10.0,1.65,3,0.5,1.0,1,2.0,0.2,7.0,17.5,12.7,1313.0,2.0,4.5,0.0,82,13458
2023-03-24,manon,45.0,,parcelle_1,10.0,4.5,4,0.5,1.0,1,1.65,0.0,10.4,16.9,14.2,1117.0,2.5,4.7,0.0,83,13458
2023-03-27,manon,56.0,,parcelle_1,10.0,5.6,0,0.3333333333333333,3.0,3,4.5,0.0,12.4,20.0,14.7,1458.0,8.3,12.2,0.0,86,13458
2023-03-28,manon,46.5,,parcelle_1,10.0,4.65,1,0.3333333333333333,1.0,1,5.6,0.0,6.2,16.4,11.3,100.0,2.6,6.2,0.0,87,13458
2023-03-29,manon,72.0,,parcelle_1,10.0,7.2,2,0.3333333333333333,1.0,1,4.65,0.0,3.4,16.6,11.8,1413.0,3.0,8.1,0.0,88,13458
2023-03-30,manon,94.5,,parcelle_1,10.0,9.45,3,0.5,1.0,1,7.2,0.0,9.2,17.3,13.0,1241.0,2.1,4.6,0.0,89,13458
2023-03-31,manon,37.0,,parcelle_1,10.0,3.7,4,0.5,1.0,1,9.45,0.0,8.8,18.2,14.6,2101.0,6.1,13.2,0.0,90,13458
2023-04-03,manon,78.5,,parcelle_1,10.0,7.85,0,0.3333333333333333,3.0,3,3.7,0.0,10.5,20.7,14.6,1645.0,4.2,8.2,0.0,93,13458
2023-04-04,manon,118.5,,parcelle_1,10.0,11.85,1,0.3333333333333333,1.0,1,7.85,3.4,9.4,13.6,10.6,313.0,3.6,10.6,0.0,94,13458
2023-04-05,manon,70.0,,parcelle_1,10.0,7.0,2,0.3333333333333333,1.0,1,11.85,0.0,3.3,15.8,10.0,1204.0,2.7,4.9,0.0,95,13458
2023-04-06,manon,111.0,,parcelle_1,10.0,11.1,3,0.5,1.0,1,7.0,0.0,6.2,16.6,11.5,1649.0,3.2,7.0,0.0,96,13458
2023-04-07,manon,136.0,,parcelle_1,10.0,13.6,4,0.5,1.0,1,11.1,0.0,4.3,19.7,13.1,1348.0,4.8,12.3,0.0,97,13458
2023-04-08,manon,65.5,,parcelle_1,10.0,6.55,5,0.5,1.0,1,13.6,0.2,4.2,16.4,11.7,1414.0,3.7,9.8,0.0,98,13458
2023-04-10,manon,108.0,,parcelle_1,10.0,10.8,0,0.3333333333333333,2.0,2,6.55,0.0,5.2,17.7,12.8,1219.0,2.4,6.6,0.0,100,13458
2023-04-11,manon,134.5,,parcelle_1,10.0,13.45,1,0.3333333333333333,1.0,1,10.8,0.0,8.2,23.3,16.2,1557.0,5.8,12.3,0.0,101,13458
2023-04-12,manon,204.0,,parcelle_1,10.0,20.4,2,0.3333333333333333,1.0,1,13.45,0.2,13.3,19.2,16.0,1408.0,4.5,8.6,0.0,102,13458
2023-04-13,manon,203.0,,parcelle_1,10.0,20.3,3,0.5,1.0,1,20.4,0.0,11.3,18.1,14.3,1348.0,7.7,13.2,0.0,103,13458
2023-04-14,manon,174.0,,parcelle_1,10.0,17.4,4,0.5,1.0,1,20.3,0.0,10.6,17.6,14.0,1417.0,8.2,13.9,0.0,104,13458
2023-04-15,manon,35.5,,parcelle_1,10.0,3.55,5,0.5,1.0,1,17.4,0.0,12.5,20.4,15.5,1216.0,7.9,14.7,0.0,105,13458
2023-04-17,manon,167.0,,parcelle_1,10.0,16.7,0,0.3333333333333333,2.0,2,3.55,0.0,8.7,20.5,15.1,1225.0,2.0,4.0,0.0,107,13458
2023-04-18,manon,227.0,,parcelle_1,10.0,22.7,1,0.3333333333333333,1.0,1,16.7,0.0,7.7,21.2,14.9,1406.0,2.7,5.1,0.0,108,13458
2023-04-19,manon,283.0,,parcelle_1,10.0,28.3,2,0.3333333333333333,1.0,1,22.7,0.0,7.0,19.9,14.8,1215.0,2.8,7.8,0.0,109,13458
2023-04-20,manon,176.0,,parcelle_1,10.0,17.6,3,0.5,1.0,1,28.3,0.0,6.5,18.6,13.7,1258.0,3.1,7.3,0.0,110,13458
2023-04-21,manon,287.75,,parcelle_1,10.0,28.775,4,0.5,1.0,1,17.6,0.2,9.0,18.3,13.9,1139.0,3.2,6.3,0.0,111,13458
2023-04-22,manon,31.0,,parcelle_1,10.0,3.1,5,0.5,1.0,1,28.775,0.0,7.3,19.0,14.0,1023.0,2.3,4.5,0.0,112,13458
2023-04-24,manon,144.5,,parcelle_1,10.0,14.45,0,0.3333333333333333,2.0,2,3.1,0.0,14.1,23.9,18.3,1635.0,7.8,13.0,0.0,114,13458
2023-04-25,manon,152.5,,parcelle_1,10.0,15.25,1,0.3333333333333333,1.0,1,14.45,0.0,14.9,24.3,19.0,1214.0,7.0,12.0,0.0,115,13458
2023-04-26,manon,107.75,,parcelle_1,10.0,10.775,2,0.3333333333333333,1.0,1,15.25,0.0,11.4,21.4,16.7,1620.0,2.7,5.2,0.0,116,13458
2023-04-27,manon,149.0,,parcelle_1,10.0,14.9,3,0.5,1.0,1,10.775,0.0,9.3,20.4,15.1,1043.0,2.3,5.8,0.0,117,13458
2023-04-28,manon,183.75,,parcelle_1,10.0,18.375,4,0.5,1.0,1,14.9,0.0,9.5,20.6,15.4,1612.0,2.7,6.3,0.0,118,13458
2023-04-29,manon,43.0,,parcelle_1,10.0,4.3,5,0.5,1.0,1,18.375,0.6,11.7,20.4,16.5,1316.0,2.7,6.7,0.0,119,13458
2023-05-01,manon,67.5,,parcelle_1,10.0,6.75,0,0.3333333333333333,2.0,2,4.3,4.2,11.1,22.3,15.2,1355.0,2.2,8.0,0.0,121,13458
2023-05-02,manon,120.5,,parcelle_1,10.0,12.05,1,0.3333333333333333,1.0,1,6.75,0.2,9.1,22.4,16.3,1319.0,3.0,6.7,0.0,122,13458
2023-05-03,manon,86.5,,parcelle_1,10.0,8.65,2,0.3333333333333333,1.0,1,12.05,0.0,9.4,22.8,17.3,1300.0,2.9,7.2,0.0,123,13458
2023-05-04,manon,29.0,,parcelle_1,10.0,2.9,3,0.5,1.0,1,8.65,0.0,10.3,23.8,18.1,1548.0,2.3,5.3,0.0,124,13458
2023-05-05,manon,157.75,,parcelle_1,10.0,15.775,4,0.5,1.0,1,2.9,0.0,9.0,22.3,17.1,1517.0,2.8,7.8,0.0,125,13458
2023-05-06,manon,11.5,,parcelle_1,10.0,1.15,5,0.5,1.0,1,15.775,0.2,8.7,22.2,16.8,1152.0,2.1,4.8,0.0,126,13458
2023-05-08,manon,124.0,,parcelle_1,10.0,12.4,0,0.3333333333333333,2.0,2,1.15,0.0,11.4,24.3,18.4,1446.0,1.9,4.5,0.0,128,13458
2023-05-09,manon,104.0,,parcelle_1,10.0,10.4,1,0.3333333333333333,1.0,1,12.4,3.8,12.2,21.8,17.8,1633.0,2.6,7.4,0.0,129,13458
2023-05-10,manon,72.5,,parcelle_1,10.0,7.25,2,0.3333333333333333,1.0,1,10.4,0.0,16.1,25.8,20.8,524.0,5.8,10.9,0.0,130,13458
2023-05-11,manon,49.5,,parcelle_1,10.0,4.95,3,0.5,1.0,1,7.25,0.0,12.7,24.6,18.4,1544.0,4.0,10.6,0.0,131,13458
2023-05-12,manon,150.5,,parcelle_1,10.0,15.05,4,0.5,1.0,1,4.95,0.0,10.0,21.4,15.4,1323.0,3.3,8.2,0.0,132,13458
2023-05-15,manon,40.5,,parcelle_1,10.0,4.05,0,0.3333333333333333,3.0,3,15.05,1.0,9.7,23.1,17.3,2036.0,3.2,7.1,0.0,135,13458
2023-05-16,manon,75.0,,parcelle_1,10.0,7.5,1,0.3333333333333333,1.0,1,4.05,0.2,15.1,26.8,20.0,1619.0,4.1,8.2,0.0,136,13458
2023-05-17,manon,113.5,,parcelle_1,10.0,11.35,2,0.3333333333333333,1.0,1,7.5,0.0,16.0,23.1,18.7,713.0,3.0,5.4,0.0,137,13458
2023-05-19,manon,157.0,,parcelle_1,10.0,15.7,4,0.5,2.0,2,11.35,0.4,15.0,20.1,17.1,1431.0,3.0,6.0,0.0,139,13458
2023-05-22,manon,47.0,,parcelle_1,10.0,4.7,0,0.3333333333333333,3.0,3,15.7,0.0,14.4,25.1,20.5,1127.0,2.2,5.0,0.0,142,13458
2023-05-23,manon,53.0,,parcelle_1,10.0,5.3,1,0.3333333333333333,1.0,1,4.7,0.0,14.5,25.8,21.0,1156.0,2.2,6.8,0.0,143,13458
2023-05-24,manon,94.0,,parcelle_1,10.0,9.4,2,0.3333333333333333,1.0,1,5.3,0.2,14.3,23.0,19.7,925.0,2.5,5.5,0.0,144,13458
2023-05-25,manon,76.0,,parcelle_1,10.0,7.6,3,0.5,1.0,1,9.4,15.5,16.2,22.1,18.5,1209.0,3.0,7.3,0.0,145,13458
2023-05-26,manon,123.5,,parcelle_1,10.0,12.35,4,0.5,1.0,1,7.6,0.0,14.9,25.4,21.1,1455.0,3.2,7.5,0.0,146,13458
2023-05-29,manon,52.0,,parcelle_1,10.0,5.2,0,0.3333333333333333,3.0,3,12.35,0.0,14.2,25.6,21.1,1313.0,3.2,6.1,0.0,149,13458
2023-05-30,manon,69.5,,parcelle_1,10.0,6.95,1,0.3333333333333333,1.0,1,5.2,0.0,18.4,26.7,23.0,925.0,3.3,6.1,0.0,150,13458
2023-05-31,manon,102.0,,parcelle_1,10.0,10.2,2,0.3333333333333333,1.0,1,6.95,0.6,17.4,23.6,20.0,959.0,2.4,5.8,0.0,151,13458
2023-06-01,manon,79.5,,parcelle_1,10.0,7.95,3,0.5,1.0,1,10.2,0.0,14.8,24.8,20.2,1102.0,2.6,6.3,0.0,152,13458
2023-06-02,manon,102.5,,parcelle_1,10.0,10.25,4,0.5,1.0,1,7.95,0.0,14.9,24.0,20.2,1102.0,2.9,6.4,0.0,153,13458
2023-06-05,manon,66.0,,parcelle_1,10.0,6.6,0,0.3333333333333333,3.0,3,10.25,0.0,15.7,24.6,20.8,1157.0,2.4,5.4,0.0,156,13458
2023-06-06,manon,65.5,,parcelle_1,10.0,6.55,1,0.3333333333333333,1.0,1,6.6,0.0,16.5,24.9,21.4,1459.0,3.9,8.7,0.0,157,13458
2023-06-07,manon,108.5,,parcelle_1,10.0,10.85,2,0.3333333333333333,1.0,1,6.55,0.0,16.8,25.7,21.6,1513.0,3.0,6.0,0.0,158,13458
2023-06-08,manon,83.0,,parcelle_1,10.0,8.3,3,0.5,1.0,1,10.85,0.0,16.5,25.8,21.6,1528.0,2.2,5.5,0.0,159,13458
2023-06-09,manon,117.5,,parcelle_1,10.0,11.75,4,0.5,1.0,1,8.3,0.0,17.6,24.9,21.3,1424.0,2.5,5.9,0.0,160,13458
2023-06-12,manon,55.0,,parcelle_1,10.0,5.5,0,0.3333333333333333,3.0,3,11.75,0.0,17.7,27.1,22.9,849.0,2.6,5.2,0.0,163,13458
2023-06-13,manon,69.0,,parcelle_1,10.0,6.9,1,0.3333333333333333,1.0,1,5.5,4.6,18.2,26.9,22.1,1340.0,2.9,5.5,0.0,164,13458
2023-06-14,manon,109.5,,parcelle_1,10.0,10.95,2,0.3333333333333333,1.0,1,6.9,4.6,18.5,26.6,21.2,1729.0,2.1,4.7,0.0,165,13458
2023-06-15,manon,87.0,,parcelle_1,10.0,8.7,3,0.5,1.0,1,10.95,0.0,16.9,27.8,22.6,1416.0,2.6,5.3,0.0,166,13458
2023-06-16,manon,102.5,,parcelle_1,10.0,10.25,4,0.5,1.0,1,8.7,0.0,15.2,27.9,22.8,1645.0,2.6,6.4,0.0,167,13458
2023-06-19,manon,54.0,,parcelle_1,10.0,5.4,0,0.3333333333333333,3.0,3,10.25,0.0,18.1,27.8,23.8,1523.0,3.7,7.5,0.0,170,13458
2023-06-20,manon,48.0,,parcelle_1,10.0,4.8,1,0.3333333333333333,1.0,1,5.4,0.0,21.4,29.2,25.5,1047.0,5.5,10.1,0.0,171,13458
2023-06-21,manon,99.0,,parcelle_1,10.0,9.9,2,0.3333333333333333,1.0,1,4.8,0.2,22.0,30.3,26.2,1221.0,4.8,8.5,0.0,172,13458
2023-06-22,manon,17.0,,parcelle_1,10.0,1.7,3,0.5,1.0,1,9.9,0.0,22.4,29.5,25.8,1227.0,3.5,9.7,0.0,173,13458
2023-06-23,manon,117.5,,parcelle_1,10.0,11.75,4,0.5,1.0,1,1.7,0.0,20.4,33.9,27.6,914.0,3.2,6.9,0.0,174,13458
2023-06-24,manon,32.0,,parcelle_1,10.0,3.2,5,0.5,1.0,1,11.75,0.0,17.7,30.5,25.5,1332.0,2.0,5.0,0.0,175,13458
2023-06-26,manon,54.0,,parcelle_1,10.0,5.4,0,0.3333333333333333,2.0,2,3.2,0.0,16.8,31.2,24.9,959.0,1.9,5.0,0.0,177,13458
2023-06-27,manon,60.5,,parcelle_1,10.0,6.05,1,0.3333333333333333,1.0,1,5.4,0.2,18.2,29.9,24.6,1435.0,2.2,5.3,0.0,178,13458
2023-06-28,manon,72.0,,parcelle_1,10.0,7.2,2,0.3333333333333333,1.0,1,6.05,0.0,18.2,29.0,24.8,1133.0,2.5,5.6,0.0,179,13458
2023-06-29,manon,81.0,,parcelle_1,10.0,8.1,3,0.5,1.0,1,7.2,6.1,19.6,30.2,25.6,2308.0,2.2,5.2,0.0,180,13458
2023-06-30,manon,45.0,,parcelle_1,10.0,4.5,4,0.5,1.0,1,8.1,0.0,20.8,28.1,24.8,1021.0,5.3,11.1,0.0,181,13458
2023-07-01,manon,1.178,,parcelle_1,10.0,0.11779999999999999,5,0.5,1.0,1,4.5,0.0,17.7,31.5,25.7,1404.0,5.9,10.8,0.0,182,13458
2023-07-02,manon,0.749,,parcelle_1,10.0,0.0749,6,0.0,1.0,1,0.11779999999999999,0.0,22.5,32.7,26.5,14.0,4.5,10.6,0.0,183,13458
2023-07-03,manon,37.064,,parcelle_1,10.0,3.7064,0,0.3333333333333333,1.0,1,0.0749,0.0,19.1,31.5,26.0,1450.0,4.5,8.7,0.0,184,13458
2023-07-04,manon,29.546,,parcelle_1,10.0,2.9546,1,0.3333333333333333,1.0,1,3.7064,0.0,16.3,29.4,25.2,1658.0,3.9,10.4,0.0,185,13458
2023-07-05,manon,107.0,,parcelle_1,10.0,10.7,2,0.3333333333333333,1.0,1,2.9546,0.0,17.6,30.9,25.7,1206.0,4.7,10.6,0.0,186,13458
2023-07-06,manon,89.766,,parcelle_1,10.0,8.976600000000001,3,0.5,1.0,1,10.7,0.0,18.7,30.3,24.8,1442.0,2.9,6.8,0.0,187,13458
2023-07-07,manon,47.407,,parcelle_1,10.0,4.7406999999999995,4,0.5,1.0,1,8.976600000000001,0.0,21.9,30.0,26.8,1135.0,4.2,8.4,0.0,188,13458
2023-07-08,manon,3.671,,parcelle_1,10.0,0.3671,5,0.5,1.0,1,4.7406999999999995,0.0,25.2,32.0,28.2,732.0,5.1,8.7,0.0,189,13458
2023-07-10,manon,13.203,,parcelle_1,10.0,1.3203,0,0.3333333333333333,2.0,1,0.3671,0.0,18.7,33.5,26.8,1259.0,2.2,5.1,0.0,191,13458
2023-07-11,manon,65.025,,parcelle_1,10.0,6.5025,1,0.3333333333333333,1.0,1,1.3203,0.0,19.9,29.7,25.7,1239.0,3.1,6.7,0.0,192,13458
2023-07-12,manon,11.927,,parcelle_1,10.0,1.1926999999999999,2,0.3333333333333333,1.0,1,6.5025,0.0,21.3,29.7,26.2,1257.0,3.2,8.8,0.0,193,13458
2023-07-13,manon,11.917,,parcelle_1,10.0,1.1917,3,0.5,1.0,1,1.1926999999999999,0.0,22.4,35.9,29.1,1313.0,4.1,11.3,0.0,194,13458
2023-07-14,manon,4.198,,parcelle_1,10.0,0.41980000000000006,4,0.5,1.0,1,1.1917,0.0,16.4,31.2,25.1,1550.0,2.9,5.9,0.0,195,13458
2023-07-15,manon,0.396,,parcelle_1,10.0,0.0396,5,0.5,1.0,1,0.41980000000000006,0.0,18.3,29.8,25.2,1345.0,3.6,8.3,0.0,196,13458
2023-07-16,manon,1.68,,parcelle_1,10.0,0.16799999999999998,6,0.0,1.0,1,0.0396,0.0,19.6,30.6,26.2,1012.0,2.5,4.7,0.0,197,13458
2023-07-17,manon,1.711,,parcelle_1,10.0,0.1711,0,0.3333333333333333,1.0,1,0.16799999999999998,0.0,21.1,31.1,26.6,1605.0,2.9,7.9,0.0,198,13458
2023-07-19,manon,0.966,,parcelle_1,10.0,0.09659999999999999,2,0.3333333333333333,2.0,2,0.1711,0.0,20.7,36.5,29.0,1629.0,3.4,8.4,0.0,200,13458
2024-03-20,manon,5.0,,parcelle_1,10.0,0.5,2,0.3333333333333333,245.0,1,0.09659999999999999,0.2,8.6,18.4,13.5,1210.0,2.0,6.2,0.0,80,16956
2024-03-21,manon,5.5,,parcelle_1,10.0,0.55,3,0.5,1.0,1,0.5,0.2,7.2,20.2,14.0,1121.0,3.8,10.0,0.0,81,16956
2024-03-22,manon,33.5,,parcelle_1,10.0,3.35,4,0.5,1.0,1,0.55,0.2,7.9,18.3,13.5,1040.0,2.0,4.7,0.0,82,16956
2024-03-25,manon,38.5,,parcelle_1,10.0,3.85,0,0.3333333333333333,3.0,3,3.35,0.6,7.1,15.8,12.4,2324.0,6.7,11.5,0.0,85,16956
2024-03-26,manon,23.5,,parcelle_1,10.0,2.35,1,0.3333333333333333,1.0,1,3.85,24.4,10.9,13.0,11.8,746.0,9.1,13.9,0.0,86,16956
2024-03-27,manon,14.5,,parcelle_1,10.0,1.45,2,0.3333333333333333,1.0,1,2.35,0.2,9.1,15.1,11.5,47.0,5.5,11.0,0.0,87,16956
2024-03-28,manon,153.0,,parcelle_1,10.0,15.3,3,0.5,1.0,1,1.45,0.0,7.2,19.5,14.8,1159.0,3.6,11.3,0.0,88,16956
2024-03-29,manon,48.0,,parcelle_1,10.0,4.8,4,0.5,1.0,1,15.3,0.0,11.7,18.4,16.0,1451.0,6.3,10.4,0.0,89,16956
2024-03-30,manon,24.5,,parcelle_1,10.0,2.45,5,0.5,1.0,1,4.8,13.3,15.1,17.4,15.7,601.0,6.2,10.9,0.0,90,16956
2024-04-01,manon,36.0,,parcelle_1,10.0,3.6,0,0.3333333333333333,2.0,2,2.45,0.0,10.4,17.1,13.4,1058.0,5.7,10.9,0.0,92,16956
2024-04-02,manon,165.0,,parcelle_1,10.0,16.5,1,0.3333333333333333,1.0,1,3.6,0.0,5.6,19.3,13.4,1332.0,5.1,13.8,0.0,93,16956
2024-04-04,manon,336.5,,parcelle_1,10.0,33.65,3,0.5,2.0,1,16.5,0.0,10.8,20.8,15.5,8.0,3.0,6.9,0.0,95,16956
2024-04-05,manon,248.5,,parcelle_1,10.0,24.85,4,0.5,1.0,1,33.65,0.2,8.6,18.2,13.2,1042.0,2.5,5.0,0.0,96,16956
2024-04-06,manon,72.0,,parcelle_1,10.0,7.2,5,0.5,1.0,1,24.85,0.2,7.5,18.2,13.5,1224.0,2.9,7.4,0.0,97,16956
2024-04-08,manon,296.5,,parcelle_1,10.0,29.65,0,0.3333333333333333,2.0,2,7.2,0.2,10.0,20.9,16.5,1338.0,3.5,7.9,0.0,99,16956
2024-04-09,manon,183.5,,parcelle_1,10.0,18.35,1,0.3333333333333333,1.0,1,29.65,0.4,14.5,18.3,15.8,2138.0,4.9,11.2,0.0,100,16956
2024-04-10,manon,158.5,,parcelle_1,10.0,15.85,2,0.3333333333333333,1.0,1,18.35,0.0,11.4,21.5,14.9,116.0,4.7,11.5,0.0,101,16956
2024-04-11,manon,297.5,,parcelle_1,10.0,29.75,3,0.5,1.0,1,15.85,0.0,10.7,20.8,15.8,1253.0,2.7,6.0,0.0,102,16956
2024-04-12,manon,285.0,,parcelle_1,10.0,28.5,4,0.5,1.0,1,29.75,0.2,10.7,24.6,17.2,1313.0,2.1,5.2,0.0,103,16956
2024-04-13,manon,73.5,,parcelle_1,10.0,7.35,5,0.5,1.0,1,28.5,0.0,9.4,24.1,17.7,1134.0,1.5,3.3,0.0,104,16956
2024-04-15,manon,254.0,,parcelle_1,10.0,25.4,0,0.3333333333333333,2.0,2,7.35,0.0,9.1,25.1,18.1,1615.0,4.5,9.0,0.0,106,16956
2024-04-16,manon,203.0,,parcelle_1,10.0,20.3,1,0.3333333333333333,1.0,1,25.4,0.0,15.2,20.9,17.1,2039.0,10.2,16.3,0.0,107,16956
2024-04-17,manon,142.0,,parcelle_1,10.0,14.2,2,0.3333333333333333,1.0,1,20.3,0.0,11.5,19.3,15.0,1600.0,9.8,14.5,0.0,108,16956
2024-04-18,manon,82.5,,parcelle_1,10.0,8.25,3,0.5,1.0,1,14.2,0.0,10.3,17.7,12.8,1031.0,6.1,12.0,0.0,109,16956
2024-04-19,manon,93.0,,parcelle_1,10.0,9.3,4,0.5,1.0,1,8.25,0.0,7.4,21.6,14.9,1905.0,5.7,12.3,0.0,110,16956
2024-04-20,manon,32.0,,parcelle_1,10.0,3.2,5,0.5,1.0,1,9.3,0.0,13.2,21.7,16.5,954.0,6.0,11.8,0.0,111,16956
2024-04-22,manon,80.5,,parcelle_1,10.0,8.05,0,0.3333333333333333,2.0,2,3.2,0.0,7.7,17.5,11.2,1602.0,4.3,8.4,0.0,113,16956
2024-04-23,manon,43.5,,parcelle_1,10.0,4.35,1,0.3333333333333333,1.0,1,8.05,2.8,3.4,16.1,10.0,1408.0,3.4,8.8,0.0,114,16956
2024-04-24,manon,52.5,,parcelle_1,10.0,5.25,2,0.3333333333333333,1.0,1,4.35,0.0,6.7,18.9,13.3,2058.0,5.2,9.3,0.0,115,16956
2024-04-25,manon,51.5,,parcelle_1,10.0,5.15,3,0.5,1.0,1,5.25,0.0,8.6,17.5,13.3,1300.0,5.8,10.8,0.0,116,16956
2024-04-26,manon,76.0,,parcelle_1,10.0,7.6,4,0.5,1.0,1,5.15,45.8,8.2,13.1,10.4,1027.0,2.4,5.1,0.0,117,16956
2024-04-29,manon,37.5,,parcelle_1,10.0,3.75,0,0.3333333333333333,3.0,3,7.6,0.0,10.3,21.3,17.8,1450.0,4.7,9.1,0.0,120,16956
2024-04-30,manon,60.5,,parcelle_1,10.0,6.05,1,0.3333333333333333,1.0,1,3.75,1.6,16.3,21.2,17.9,1241.0,4.8,7.9,0.0,121,16956
2024-05-02,manon,42.0,,parcelle_1,10.0,4.2,3,0.5,2.0,2,6.05,1.4,11.4,14.6,12.9,1743.0,6.9,11.0,0.0,123,16956
2024-05-03,manon,36.5,,parcelle_1,10.0,3.65,4,0.5,1.0,1,4.2,0.0,11.7,19.1,15.8,1639.0,7.6,12.9,0.0,124,16956
2024-05-06,manon,63.0,,parcelle_1,10.0,6.3,0,0.3333333333333333,3.0,3,3.65,0.4,11.2,19.4,15.7,852.0,3.3,6.8,0.0,127,16956
2024-05-07,manon,64.0,,parcelle_1,10.0,6.4,1,0.3333333333333333,1.0,1,6.3,0.0,13.1,20.9,16.9,1501.0,5.1,12.4,0.0,128,16956
2024-05-10,manon,121.5,,parcelle_1,10.0,12.15,4,0.5,3.0,3,6.4,0.0,13.7,23.2,18.8,1033.0,2.6,5.4,0.0,131,16956
2024-05-13,manon,67.0,,parcelle_1,10.0,6.7,0,0.3333333333333333,3.0,3,12.15,0.2,12.4,22.0,17.6,1235.0,2.7,6.7,0.0,134,16956
2024-05-14,manon,88.0,,parcelle_1,10.0,8.8,1,0.3333333333333333,1.0,1,6.7,12.2,13.3,21.2,16.9,1626.0,4.2,9.0,0.0,135,16956
2024-05-16,manon,65.5,,parcelle_1,10.0,6.55,3,0.5,2.0,2,8.8,0.0,14.3,21.4,17.5,1554.0,4.5,9.9,0.0,137,16956
2024-05-17,manon,73.0,,parcelle_1,10.0,7.3,4,0.5,1.0,1,6.55,0.2,9.8,20.9,16.6,1247.0,2.9,6.7,0.0,138,16956
2024-05-20,manon,165.0,,parcelle_1,10.0,16.5,0,0.3333333333333333,3.0,3,7.3,0.0,12.3,21.5,18.1,1244.0,2.1,6.1,0.0,141,16956
2024-05-21,manon,82.5,,parcelle_1,10.0,8.25,1,0.3333333333333333,1.0,1,16.5,0.0,13.1,22.3,18.9,1332.0,6.7,12.2,0.0,142,16956
2024-05-22,manon,73.5,,parcelle_1,10.0,7.35,2,0.3333333333333333,1.0,1,8.25,0.0,16.0,22.7,19.4,1200.0,6.8,12.4,0.0,143,16956
2024-05-23,manon,104.5,,parcelle_1,10.0,10.45,3,0.5,1.0,1,7.35,0.0,14.5,21.7,18.7,1411.0,5.6,12.4,0.0,144,16956
2024-05-24,manon,102.5,,parcelle_1,10.0,10.25,4,0.5,1.0,1,10.45,0.2,11.3,22.8,17.8,1300.0,2.8,7.3,0.0,145,16956
2024-05-27,manon,152.0,,parcelle_1,10.0,15.2,0,0.3333333333333333,3.0,3,10.25,0.0,13.6,23.9,18.8,1720.0,2.4,7.0,0.0,148,16956
2024-05-28,manon,68.5,,parcelle_1,10.0,6.85,1,0.3333333333333333,1.0,1,15.2,0.0,14.4,25.2,20.0,1042.0,2.2,6.1,0.0,149,16956
2024-05-29,manon,72.5,,parcelle_1,10.0,7.25,2,0.3333333333333333,1.0,1,6.85,0.0,13.4,25.7,21.0,2114.0,3.2,7.5,0.0,150,16956
2024-05-30,manon,114.5,,parcelle_1,10.0,11.45,3,0.5,1.0,1,7.25,0.0,19.8,27.4,22.7,1439.0,7.2,13.4,0.0,151,16956
2024-05-31,manon,123.0,,parcelle_1,10.0,12.3,4,0.5,1.0,1,11.45,0.0,16.6,26.4,21.2,948.0,6.2,11.3,0.0,152,16956
2024-06-03,manon,113.0,,parcelle_1,10.0,11.3,0,0.3333333333333333,3.0,3,12.3,0.2,11.8,23.7,19.1,1624.0,2.3,4.6,0.0,155,16956
2024-06-04,manon,77.0,,parcelle_1,10.0,7.7,1,0.3333333333333333,1.0,1,11.3,0.0,13.7,22.8,19.2,1218.0,2.6,6.8,0.0,156,16956
2024-06-05,manon,84.5,,parcelle_1,10.0,8.45,2,0.3333333333333333,1.0,1,7.7,0.0,14.0,22.9,19.5,1452.0,3.1,7.1,0.0,157,16956
2024-06-06,manon,109.5,,parcelle_1,10.0,10.95,3,0.5,1.0,1,8.45,0.0,13.7,25.1,20.0,1502.0,2.6,6.4,0.0,158,16956
2024-06-07,manon,120.0,,parcelle_1,10.0,12.0,4,0.5,1.0,1,10.95,0.0,14.5,25.1,21.0,1422.0,2.8,7.1,0.0,159,16956
2024-06-10,manon,130.0,,parcelle_1,10.0,13.0,0,0.3333333333333333,3.0,3,12.0,0.0,16.8,28.8,22.7,1554.0,5.8,12.7,0.0,162,16956
2024-06-11,manon,176.5,,parcelle_1,10.0,17.65,1,0.3333333333333333,1.0,1,13.0,0.0,17.2,27.2,22.6,1254.0,6.1,13.9,0.0,163,16956
2024-06-12,manon,98.5,,parcelle_1,10.0,9.85,2,0.3333333333333333,1.0,1,17.65,0.0,14.3,26.6,21.2,1552.0,5.4,11.7,0.0,164,16956
2024-06-13,manon,103.0,,parcelle_1,10.0,10.3,3,0.5,1.0,1,9.85,0.0,14.5,24.2,20.0,1543.0,6.4,12.6,0.0,165,16956
2024-06-14,manon,125.75,,parcelle_1,10.0,12.575,4,0.5,1.0,1,10.3,0.0,12.9,23.8,19.6,1117.0,2.9,6.4,0.0,166,16956
2024-06-17,manon,117.75,,parcelle_1,10.0,11.775,0,0.3333333333333333,3.0,3,12.575,0.0,12.0,24.4,19.8,1507.0,3.1,6.6,0.0,169,16956
2024-06-18,manon,131.0,,parcelle_1,10.0,13.1,1,0.3333333333333333,1.0,1,11.775,0.0,14.9,28.2,23.7,1549.0,4.7,8.1,0.0,170,16956
2024-06-19,manon,32.5,,parcelle_1,10.0,3.25,2,0.3333333333333333,1.0,1,13.1,2.6,20.6,27.0,23.7,1454.0,3.7,8.6,0.0,171,16956
2024-06-20,manon,94.25,,parcelle_1,10.0,9.425,3,0.5,1.0,1,3.25,3.4,20.5,30.7,24.2,1711.0,4.3,8.9,0.0,172,16956
2024-06-21,manon,124.5,,parcelle_1,10.0,12.45,4,0.5,1.0,1,9.425,0.0,21.7,26.8,24.0,1609.0,5.5,11.3,0.0,173,16956
2024-06-24,manon,83.5,,parcelle_1,10.0,8.35,0,0.3333333333333333,3.0,3,12.45,1.2,16.3,24.7,20.1,1144.0,2.0,6.5,0.0,176,16956
2024-06-25,manon,73.25,,parcelle_1,10.0,7.325,1,0.3333333333333333,1.0,1,8.35,0.0,16.5,24.0,20.9,1039.0,1.8,4.4,0.0,177,16956
2024-07-01,manon,50.0,,parcelle_1,10.0,5.0,0,0.3333333333333333,6.0,5,7.325,0.0,17.8,32.6,24.7,1443.0,3.2,8.9,0.0,183,16956
2024-07-02,manon,35.5,,parcelle_1,10.0,3.55,1,0.3333333333333333,1.0,1,5.0,0.0,19.7,32.0,26.1,1457.0,3.8,7.3,0.0,184,16956
2024-07-03,manon,31.5,,parcelle_1,10.0,3.15,2,0.3333333333333333,1.0,1,3.55,0.0,20.0,31.7,25.0,1239.0,4.5,8.2,0.0,185,16956
2024-07-04,manon,18.5,,parcelle_1,10.0,1.85,3,0.5,1.0,1,3.15,0.0,20.9,29.9,25.0,1515.0,4.9,10.4,0.0,186,16956
2024-07-05,manon,19.5,,parcelle_1,10.0,1.95,4,0.5,1.0,1,1.85,0.0,16.1,26.8,22.6,1512.0,4.4,10.0,0.0,187,16956
2024-07-08,manon,6.5,,parcelle_1,10.0,0.65,0,0.3333333333333333,3.0,3,1.95,0.0,15.4,28.7,22.5,1116.0,2.5,5.5,0.0,190,16956
2024-07-09,manon,97.0,,parcelle_1,10.0,9.7,1,0.3333333333333333,1.0,1,0.65,0.0,15.6,30.4,23.3,1344.0,2.6,7.3,0.0,191,16956
2025-03-20,manon,82.0,,parcelle_1,10.0,8.2,3,0.5,254.0,1,9.7,0.0,8.2,15.5,12.4,1003.0,5.7,10.8,0.0,79,21120
2025-03-21,manon,5.0,,parcelle_1,10.0,0.5,4,0.5,1.0,1,8.2,6.6,11.9,17.5,14.2,1341.0,8.5,13.2,0.0,80,21120
2025-03-24,manon,135.0,,parcelle_1,10.0,13.5,0,0.3333333333333333,3.0,3,0.5,0.2,7.0,15.6,11.1,1436.0,3.0,6.4,0.0,83,21120
2025-03-25,manon,41.5,,parcelle_1,10.0,4.15,1,0.3333333333333333,1.0,1,13.5,1.8,5.0,17.0,12.1,1822.0,2.6,5.1,0.0,84,21120
2025-03-26,manon,28.5,,parcelle_1,10.0,2.85,2,0.3333333333333333,1.0,1,4.15,1.4,6.8,17.8,12.0,1538.0,2.3,6.7,0.0,85,21120
2025-03-27,manon,137.5,,parcelle_1,10.0,13.75,3,0.5,1.0,1,2.85,0.0,8.0,20.4,14.3,1308.0,3.3,6.8,0.0,86,21120
2025-03-28,manon,124.0,,parcelle_1,10.0,12.4,4,0.5,1.0,1,13.75,0.0,6.0,20.7,14.8,1245.0,4.1,8.7,0.0,87,21120
2025-03-31,manon,213.5,,parcelle_1,10.0,21.35,0,0.3333333333333333,3.0,3,12.4,0.0,10.4,21.4,16.0,1127.0,4.0,8.7,0.0,90,21120
2025-04-01,manon,250.5,,parcelle_1,10.0,25.05,1,0.3333333333333333,1.0,1,21.35,0.8,7.1,17.3,12.0,851.0,3.8,8.1,0.0,91,21120
2025-04-02,manon,232.0,,parcelle_1,10.0,23.2,2,0.3333333333333333,1.0,1,25.05,0.0,5.9,18.2,13.2,835.0,5.3,10.1,0.0,92,21120
2025-04-03,manon,168.5,,parcelle_1,10.0,16.85,3,0.5,1.0,1,23.2,0.0,7.6,18.4,13.4,1039.0,3.5,7.7,0.0,93,21120
2025-04-04,manon,269.0,,parcelle_1,10.0,26.9,4,0.5,1.0,1,16.85,0.0,8.0,20.1,14.2,1126.0,4.0,8.8,0.0,94,21120
2025-04-05,manon,55.5,,parcelle_1,10.0,5.55,5,0.5,1.0,1,26.9,0.0,8.4,19.5,13.9,853.0,3.0,6.3,0.0,95,21120
2025-04-07,manon,252.0,,parcelle_1,10.0,25.2,0,0.3333333333333333,2.0,2,5.55,0.0,11.9,19.2,14.6,1317.0,4.0,9.2,0.0,97,21120
2025-04-08,manon,173.0,,parcelle_1,10.0,17.3,1,0.3333333333333333,1.0,1,25.2,0.0,7.7,17.6,12.8,1147.0,3.2,7.3,0.0,98,21120
2025-04-09,manon,236.0,,parcelle_1,10.0,23.6,2,0.3333333333333333,1.0,1,17.3,0.2,8.7,17.5,13.5,1544.0,3.0,6.1,0.0,99,21120
2025-04-10,manon,310.5,,parcelle_1,10.0,31.05,3,0.5,1.0,1,23.6,0.2,9.0,18.7,13.7,1612.0,2.9,7.3,0.0,100,21120
2025-04-11,manon,253.0,,parcelle_1,10.0,25.3,4,0.5,1.0,1,31.05,0.2,7.5,18.7,13.5,1341.0,3.6,9.7,0.0,101,21120
2025-04-12,manon,185.5,,parcelle_1,10.0,18.55,5,0.5,1.0,1,25.3,1.8,8.5,17.4,14.2,1325.0,3.8,7.3,0.0,102,21120
2025-04-14,manon,222.5,,parcelle_1,10.0,22.25,0,0.3333333333333333,2.0,2,18.55,22.4,13.8,18.6,14.9,1303.0,4.4,9.1,0.0,104,21120
2025-04-15,manon,211.5,,parcelle_1,10.0,21.15,1,0.3333333333333333,1.0,1,22.25,12.7,12.9,17.2,15.4,1659.0,4.3,7.0,0.0,105,21120
2025-04-16,manon,135.5,,parcelle_1,10.0,13.55,2,0.3333333333333333,1.0,1,21.15,6.6,12.2,15.6,13.6,103.0,2.6,6.5,0.0,106,21120
2025-04-17,manon,157.5,,parcelle_1,10.0,15.75,3,0.5,1.0,1,13.55,2.4,11.1,17.0,12.8,935.0,5.8,11.1,0.0,107,21120
2025-04-18,manon,93.5,,parcelle_1,10.0,9.35,4,0.5,1.0,1,15.75,0.0,7.5,18.2,13.3,1520.0,3.6,9.4,0.0,108,21120
2025-04-19,manon,107.5,,parcelle_1,10.0,10.75,5,0.5,1.0,1,9.35,3.8,9.8,19.0,16.1,1609.0,7.8,12.2,0.0,109,21120
2025-04-20,manon,142.5,,parcelle_1,10.0,14.25,6,0.0,1.0,1,10.75,0.0,9.3,17.6,14.1,1458.0,2.7,5.0,0.0,110,21120
2025-04-21,manon,129.5,,parcelle_1,10.0,12.95,0,0.3333333333333333,1.0,1,14.25,0.2,9.9,21.0,15.1,1450.0,3.9,8.0,0.0,111,21120
2025-04-22,manon,157.5,,parcelle_1,10.0,15.75,1,0.3333333333333333,1.0,1,12.95,0.2,7.9,20.8,14.9,1509.0,2.0,5.3,0.0,112,21120
2025-04-23,manon,153.0,,parcelle_1,10.0,15.3,2,0.3333333333333333,1.0,1,15.75,0.0,8.3,21.6,16.3,1355.0,5.4,12.1,0.0,113,21120
2025-04-24,manon,83.0,,parcelle_1,10.0,8.3,3,0.5,1.0,1,15.3,0.0,15.0,24.1,18.8,427.0,5.5,12.1,0.0,114,21120
2025-04-25,manon,167.5,,parcelle_1,10.0,16.75,4,0.5,1.0,1,8.3,0.0,11.1,22.7,16.6,1223.0,3.2,6.6,0.0,115,21120
2025-04-26,manon,82.5,,parcelle_1,10.0,8.25,5,0.5,1.0,1,16.75,0.0,9.1,19.1,15.3,1024.0,2.9,7.3,0.0,116,21120
2025-04-28,manon,93.0,,parcelle_1,10.0,9.3,0,0.3333333333333333,2.0,2,8.25,0.0,13.4,21.5,17.3,1348.0,3.3,7.5,0.0,118,21120
2025-04-29,manon,105.0,,parcelle_1,10.0,10.5,1,0.3333333333333333,1.0,1,9.3,0.0,11.8,21.2,17.0,949.0,2.9,6.5,0.0,119,21120
2025-04-30,manon,252.0,,parcelle_1,10.0,25.2,2,0.3333333333333333,1.0,1,10.5,0.0,10.5,24.0,17.6,1159.0,2.2,3.8,0.0,120,21120
2025-05-02,manon,133.5,,parcelle_1,10.0,13.35,4,0.5,2.0,2,25.2,0.0,11.4,23.9,18.7,929.0,2.4,4.5,0.0,122,21120
2025-05-05,manon,65.5,,parcelle_1,10.0,6.55,0,0.3333333333333333,3.0,3,13.35,0.0,13.9,22.0,17.2,1405.0,4.8,9.4,0.0,125,21120
2025-05-06,manon,73.0,,parcelle_1,10.0,7.3,1,0.3333333333333333,1.0,1,6.55,0.0,8.7,19.6,14.7,1203.0,4.7,10.5,0.0,126,21120
2025-05-07,manon,147.5,,parcelle_1,10.0,14.75,2,0.3333333333333333,1.0,1,7.3,0.0,7.3,18.7,14.1,1403.0,4.8,10.4,0.0,127,21120
2025-05-09,manon,119.0,,parcelle_1,10.0,11.9,4,0.5,2.0,2,14.75,0.0,8.7,20.4,15.4,1531.0,2.4,5.2,0.0,129,21120
2025-05-13,manon,94.0,,parcelle_1,10.0,9.4,1,0.3333333333333333,4.0,4,11.9,0.2,8.8,20.6,16.2,1310.0,3.0,7.3,0.0,133,21120
2025-05-14,manon,100.5,,parcelle_1,10.0,10.05,2,0.3333333333333333,1.0,1,9.4,0.0,10.8,21.7,16.7,949.0,2.7,6.4,0.0,134,21120
2025-05-15,manon,118.5,,parcelle_1,10.0,11.85,3,0.5,1.0,1,10.05,0.0,10.7,23.5,18.2,1442.0,3.3,6.9,0.0,135,21120
2025-05-16,manon,172.0,,parcelle_1,10.0,17.2,4,0.5,1.0,1,11.85,0.8,13.0,21.7,17.8,741.0,3.4,7.6,0.0,136,21120
2025-05-19,manon,114.0,,parcelle_1,10.0,11.4,0,0.3333333333333333,3.0,3,17.2,1.4,12.5,22.7,18.5,1951.0,3.4,7.9,0.0,139,21120
2025-05-20,manon,58.5,,parcelle_1,10.0,5.85,1,0.3333333333333333,1.0,1,11.4,12.7,15.7,22.7,17.9,838.0,2.9,7.0,0.0,140,21120
2025-05-21,manon,118.5,,parcelle_1,10.0,11.85,2,0.3333333333333333,1.0,1,5.85,0.0,11.7,25.1,19.9,1504.0,5.2,11.1,0.0,141,21120
2025-05-22,manon,103.0,,parcelle_1,10.0,10.3,3,0.5,1.0,1,11.85,0.0,16.3,23.1,19.2,1738.0,7.1,11.4,0.0,142,21120
2025-05-23,manon,139.5,,parcelle_1,10.0,13.95,4,0.5,1.0,1,10.3,0.0,12.5,23.0,18.1,948.0,2.8,6.0,0.0,143,21120
2025-05-26,manon,200.0,,parcelle_1,10.0,20.0,0,0.3333333333333333,3.0,3,13.95,0.0,12.9,27.2,20.2,1215.0,3.0,9.6,0.0,146,21120
2025-05-27,manon,132.5,,parcelle_1,10.0,13.25,1,0.3333333333333333,1.0,1,20.0,0.0,11.8,24.0,19.1,1051.0,2.6,6.6,0.0,147,21120
2025-05-28,manon,111.5,,parcelle_1,10.0,11.15,2,0.3333333333333333,1.0,1,13.25,0.0,13.6,28.2,23.1,1550.0,5.2,11.1,0.0,148,21120
2025-05-29,manon,92.0,,parcelle_1,10.0,9.2,3,0.5,1.0,1,11.15,0.0,21.5,28.0,23.1,116.0,3.6,10.0,0.0,149,21120
2025-05-30,manon,206.0,,parcelle_1,10.0,20.6,4,0.5,1.0,1,9.2,0.2,13.0,25.4,20.2,1250.0,2.5,5.3,0.0,150,21120
2025-06-02,manon,93.5,,parcelle_1,10.0,9.35,0,0.3333333333333333,3.0,3,20.6,0.2,16.3,26.8,21.3,1146.0,2.7,5.9,0.0,153,21120
2025-06-03,manon,111.0,,parcelle_1,10.0,11.1,1,0.3333333333333333,1.0,1,9.35,0.0,16.7,25.4,21.9,1042.0,4.6,8.9,0.0,154,21120
2025-06-04,manon,17.0,,parcelle_1,10.0,1.7,2,0.3333333333333333,1.0,1,11.1,0.0,20.5,25.0,21.7,403.0,4.7,8.8,0.0,155,21120
2025-06-05,manon,55.0,,parcelle_1,10.0,5.5,3,0.5,1.0,1,1.7,0.2,16.0,24.9,20.8,1258.0,3.2,6.5,0.0,156,21120
2025-06-06,manon,48.0,,parcelle_1,10.0,4.8,4,0.5,1.0,1,5.5,0.0,15.0,25.0,20.7,1204.0,3.7,8.1,0.0,157,21120
2025-06-07,manon,57.5,,parcelle_1,10.0,5.75,5,0.5,1.0,1,4.8,0.2,14.4,25.6,21.4,1604.0,3.4,7.6,0.0,158,21120
2025-06-09,manon,64.0,,parcelle_1,10.0,6.4,0,0.3333333333333333,2.0,2,5.75,0.0,14.0,26.9,21.3,1244.0,2.4,5.8,0.0,160,21120
2025-06-10,manon,75.5,,parcelle_1,10.0,7.55,1,0.3333333333333333,1.0,1,6.4,0.0,16.2,29.2,23.8,1710.0,3.5,8.5,0.0,161,21120
2025-06-11,manon,50.0,,parcelle_1,10.0,5.0,2,0.3333333333333333,1.0,1,7.55,0.2,12.5,27.6,21.6,1924.0,2.5,4.9,0.0,162,21120
2025-06-12,manon,20.0,,parcelle_1,10.0,2.0,3,0.5,1.0,1,5.0,0.0,15.7,26.0,21.4,912.0,2.7,6.0,0.0,163,21120
2025-06-13,manon,106.5,,parcelle_1,10.0,10.65,4,0.5,1.0,1,2.0,0.2,15.1,29.4,22.4,1551.0,2.0,5.0,0.0,164,21120
2025-06-14,manon,50.5,,parcelle_1,10.0,5.05,5,0.5,1.0,1,10.65,0.0,16.0,30.8,24.0,1437.0,2.9,7.4,0.0,165,21120
2025-06-16,manon,69.0,,parcelle_1,10.0,6.9,0,0.3333333333333333,2.0,2,5.05,0.0,21.6,33.5,27.1,1502.0,3.3,7.3,0.0,167,21120
2025-06-17,manon,10.5,,parcelle_1,10.0,1.05,1,0.3333333333333333,1.0,1,6.9,0.0,17.6,28.1,23.8,1143.0,3.2,8.1,0.0,168,21120
2025-06-18,manon,60.0,,parcelle_1,10.0,6.0,2,0.3333333333333333,1.0,1,1.05,0.0,19.0,31.1,25.1,1612.0,2.9,5.4,0.0,169,21120
2025-06-19,manon,70.0,,parcelle_1,10.0,7.0,3,0.5,1.0,1,6.0,0.0,19.2,31.7,26.5,1707.0,3.1,7.8,0.0,170,21120
2025-06-20,manon,80.0,,parcelle_1,10.0,8.0,4,0.5,1.0,1,7.0,0.0,16.9,31.0,24.9,1514.0,2.6,6.1,0.0,171,21120
2025-06-21,manon,25.0,,parcelle_1,10.0,2.5,5,0.5,1.0,1,8.0,0.2,18.7,30.4,25.0,1830.0,2.7,5.7,0.0,172,21120
2025-06-23,manon,70.0,,parcelle_1,10.0,7.0,0,0.3333333333333333,2.0,2,2.5,0.0,19.1,29.3,25.3,1405.0,3.8,9.3,0.0,174,21120
2025-06-24,manon,24.0,,parcelle_1,10.0,2.4,1,0.3333333333333333,1.0,1,7.0,0.2,19.6,29.2,25.4,1310.0,2.9,6.6,0.0,175,21120
2025-06-25,manon,42.0,,parcelle_1,10.0,4.2,2,0.3333333333333333,1.0,1,2.4,0.2,20.0,29.6,25.3,946.0,3.6,7.6,0.0,176,21120
2025-06-26,manon,29.0,,parcelle_1,10.0,2.9,3,0.5,1.0,1,4.2,0.0,20.6,34.3,27.9,1036.0,3.7,8.8,0.0,177,21120
2025-06-27,manon,36.5,,parcelle_1,10.0,3.65,4,0.5,1.0,1,2.9,0.0,18.0,32.0,26.8,1107.0,2.1,5.1,0.0,178,21120
2025-06-30,manon,27.0,,parcelle_1,10.0,2.7,0,0.3333333333333333,3.0,3,3.65,0.0,19.8,33.2,27.8,1403.0,2.9,5.9,0.0,181,21120
2025-07-01,manon,2.5,,parcelle_1,10.0,0.25,1,0.3333333333333333,1.0,1,2.7,0.0,23.6,33.6,28.7,1257.0,2.7,5.4,0.0,182,21120
2025-07-02,manon,19.5,,parcelle_1,10.0,1.95,2,0.3333333333333333,1.0,1,0.25,0.0,22.6,32.8,28.2,1132.0,2.5,4.9,0.0,183,21120
2025-07-03,manon,11.0,,parcelle_1,10.0,1.1,3,0.5,1.0,1,1.95,0.0,21.8,33.2,28.0,1029.0,2.7,5.7,0.0,184,21120
2025-07-04,manon,10.5,,parcelle_1,10.0,1.05,4,0.5,1.0,1,1.1,0.0,21.4,33.6,28.3,927.0,2.9,6.1,0.0,185,21120
2022-03-21,ciflorette,24.0,,parcelle_2,10.0,2.4,0,0.3333333333333333,0.0,0,,0.0,10.8,14.6,12.5,1433.0,7.5,10.7,0.0,80,8148
2022-03-23,ciflorette,36.0,,parcelle_2,10.0,3.6,2,0.3333333333333333,2.0,2,2.4,0.0,1.8,16.5,9.7,1107.0,2.5,5.6,0.0,82,8148
2022-03-25,ciflorette,68.0,,parcelle_2,10.0,6.8,4,0.5,2.0,2,3.6,0.0,1.0,16.5,9.8,1137.0,3.6,7.0,0.0,84,8148
2022-03-28,ciflorette,101.5,,parcelle_2,10.0,10.15,0,0.3333333333333333,3.0,3,6.8,0.0,7.0,21.9,14.4,544.0,1.9,4.0,0.0,87,8148
2022-03-29,ciflorette,4.0,,parcelle_2,10.0,0.4,1,0.3333333333333333,1.0,1,10.15,0.6,5.8,17.3,12.1,1049.0,2.5,5.2,0.0,88,8148
2022-03-30,ciflorette,115.0,,parcelle_2,10.0,11.5,2,0.3333333333333333,1.0,1,0.4,18.1,11.3,15.3,12.4,329.0,2.7,5.9,0.0,89,8148
2022-03-31,ciflorette,15.25,,parcelle_2,10.0,1.525,3,0.5,1.0,1,11.5,0.0,5.7,20.6,13.7,1358.0,5.0,10.6,0.0,90,8148
2022-04-01,ciflorette,100.0,,parcelle_2,10.0,10.0,4,0.5,1.0,1,1.525,0.0,7.3,11.7,9.2,1738.0,10.6,14.9,0.0,91,8148
2022-04-04,ciflorette,88.0,,parcelle_2,10.0,8.8,0,0.3333333333333333,3.0,3,10.0,0.0,4.6,15.0,9.4,1232.0,3.1,7.2,0.0,94,8148
2022-04-06,ciflorette,46.25,,parcelle_2,10.0,4.625,2,0.3333333333333333,2.0,1,8.8,0.0,2.5,15.2,10.5,1721.0,3.1,6.5,0.0,96,8148
2022-04-07,ciflorette,34.5,,parcelle_2,10.0,3.45,3,0.5,1.0,1,4.625,0.0,11.1,18.2,15.3,1424.0,9.5,14.7,0.0,97,8148
2022-04-08,ciflorette,102.75,,parcelle_2,10.0,10.275,4,0.5,1.0,1,3.45,0.0,14.3,21.1,16.5,737.0,7.9,12.1,0.0,98,8148
2022-04-10,ciflorette,1.0,,parcelle_2,10.0,0.1,6,0.0,2.0,2,10.275,0.0,6.3,16.4,11.1,123.0,2.8,5.3,0.0,100,8148
2022-04-11,ciflorette,99.5,,parcelle_2,10.0,9.95,0,0.3333333333333333,1.0,1,0.1,0.0,3.9,15.7,11.1,1029.0,4.2,8.0,0.0,101,8148
2022-04-12,ciflorette,125.5,,parcelle_2,10.0,12.55,1,0.3333333333333333,1.0,1,9.95,0.0,7.4,16.3,13.3,1053.0,5.4,10.1,0.0,102,8148
2022-04-13,ciflorette,148.5,,parcelle_2,10.0,14.85,2,0.3333333333333333,1.0,1,12.55,0.0,11.5,17.7,14.6,1114.0,4.7,10.1,0.0,103,8148
2022-04-14,ciflorette,103.5,,parcelle_2,10.0,10.35,3,0.5,1.0,1,14.85,0.0,8.7,22.1,15.7,1124.0,2.6,7.5,0.0,104,8148
2022-04-15,ciflorette,230.5,,parcelle_2,10.0,23.05,4,0.5,1.0,1,10.35,0.0,9.1,23.5,17.6,1603.0,2.3,5.7,0.0,105,8148
2022-04-16,ciflorette,61.25,,parcelle_2,10.0,6.125,5,0.5,1.0,1,23.05,0.0,9.8,24.2,17.8,1430.0,2.1,5.3,0.0,106,8148
2022-04-17,ciflorette,18.75,,parcelle_2,10.0,1.875,6,0.0,1.0,1,6.125,0.0,12.9,18.4,15.4,207.0,3.8,7.0,0.0,107,8148
2022-04-18,ciflorette,41.5,,parcelle_2,10.0,4.15,0,0.3333333333333333,1.0,1,1.875,0.0,5.8,18.8,13.7,1642.0,2.9,5.2,0.0,108,8148
2022-04-19,ciflorette,16.0,,parcelle_2,10.0,1.6,1,0.3333333333333333,1.0,1,4.15,0.0,7.4,18.9,13.8,1624.0,2.9,8.5,0.0,109,8148
2022-04-20,ciflorette,81.25,,parcelle_2,10.0,8.125,2,0.3333333333333333,1.0,1,1.6,12.1,8.1,17.5,13.7,1034.0,4.0,8.3,0.0,110,8148
2022-04-21,ciflorette,68.0,,parcelle_2,10.0,6.8,3,0.5,1.0,1,8.125,0.0,12.7,17.7,14.9,816.0,4.4,10.1,0.0,111,8148
2022-04-22,ciflorette,7.5,,parcelle_2,10.0,0.75,4,0.5,1.0,1,6.8,0.0,11.2,18.1,14.9,1136.0,2.2,5.8,0.0,112,8148
2022-04-25,ciflorette,86.5,,parcelle_2,10.0,8.65,0,0.3333333333333333,3.0,2,0.75,0.0,11.7,19.9,16.0,1412.0,6.3,11.1,0.0,115,8148
2022-04-26,ciflorette,118.75,,parcelle_2,10.0,11.875,1,0.3333333333333333,1.0,1,8.65,0.2,7.8,18.9,14.5,1323.0,3.9,11.0,0.0,116,8148
2022-04-27,ciflorette,86.75,,parcelle_2,10.0,8.675,2,0.3333333333333333,1.0,1,11.875,0.0,8.3,18.7,14.4,1210.0,2.6,5.7,0.0,117,8148
2022-04-28,ciflorette,74.25,,parcelle_2,10.0,7.425,3,0.5,1.0,1,8.675,0.0,9.1,21.4,16.5,1124.0,2.5,7.0,0.0,118,8148
2022-04-29,ciflorette,45.0,,parcelle_2,10.0,4.5,4,0.5,1.0,1,7.425,0.0,8.7,21.0,16.0,1017.0,2.5,6.2,0.0,119,8148
2022-05-02,ciflorette,79.75,,parcelle_2,10.0,7.975,0,0.3333333333333333,3.0,2,4.5,0.0,8.1,20.0,15.2,1221.0,2.3,5.2,0.0,122,8148
2022-05-03,ciflorette,14.0,,parcelle_2,10.0,1.4,1,0.3333333333333333,1.0,1,7.975,0.0,11.3,21.2,16.5,1110.0,2.4,4.8,0.0,123,8148
2022-05-04,ciflorette,41.75,,parcelle_2,10.0,4.175,2,0.3333333333333333,1.0,1,1.4,0.0,10.6,22.0,16.2,1610.0,2.0,4.2,0.0,124,8148
2022-05-05,ciflorette,22.5,,parcelle_2,10.0,2.25,3,0.5,1.0,1,4.175,8.9,11.1,19.6,14.9,1254.0,2.1,5.9,0.0,125,8148
2022-05-06,ciflorette,28.75,,parcelle_2,10.0,2.875,4,0.5,1.0,1,2.25,0.4,13.0,19.3,15.8,1453.0,1.4,3.5,0.0,126,8148
2022-05-09,ciflorette,19.75,,parcelle_2,10.0,1.975,0,0.3333333333333333,3.0,3,2.875,0.0,11.6,23.8,18.8,1158.0,2.0,4.4,0.0,129,8148
2022-05-10,ciflorette,18.0,,parcelle_2,10.0,1.8,1,0.3333333333333333,1.0,1,1.975,0.0,13.4,23.4,19.0,1436.0,3.5,8.5,0.0,130,8148
2022-05-12,ciflorette,21.0,,parcelle_2,10.0,2.1,3,0.5,2.0,2,1.8,0.0,11.1,22.0,17.4,1440.0,3.6,7.8,0.0,132,8148
2022-05-13,ciflorette,15.0,,parcelle_2,10.0,1.5,4,0.5,1.0,1,2.1,0.2,10.5,22.4,17.7,1251.0,3.8,9.6,0.0,133,8148
2022-05-16,ciflorette,24.0,,parcelle_2,10.0,2.4,0,0.3333333333333333,3.0,3,1.5,0.0,12.5,25.3,19.2,1556.0,2.4,5.5,0.0,136,8148
2022-05-17,ciflorette,11.0,,parcelle_2,10.0,1.1,1,0.3333333333333333,1.0,1,2.4,0.0,12.2,24.1,19.1,1715.0,2.5,6.8,0.0,137,8148
2022-05-19,ciflorette,16.25,,parcelle_2,10.0,1.625,3,0.5,2.0,2,1.1,0.0,13.9,26.3,20.9,1049.0,2.8,7.3,0.0,139,8148
2022-05-20,ciflorette,28.0,,parcelle_2,10.0,2.8,4,0.5,1.0,1,1.625,0.0,13.0,27.3,20.8,1616.0,2.5,4.9,0.0,140,8148
2022-05-23,ciflorette,44.0,,parcelle_2,10.0,4.4,0,0.3333333333333333,3.0,3,2.8,0.0,14.2,25.6,20.5,1023.0,3.3,7.4,0.0,143,8148
2022-05-24,ciflorette,41.75,,parcelle_2,10.0,4.175,1,0.3333333333333333,1.0,1,4.4,2.0,14.9,28.1,21.1,1612.0,4.1,17.5,0.0,144,8148
2022-05-27,ciflorette,112.5,,parcelle_2,10.0,11.25,4,0.5,3.0,2,4.175,0.0,20.1,31.5,27.2,1440.0,2.7,5.3,0.0,147,8148
2022-05-30,ciflorette,53.5,,parcelle_2,10.0,5.35,0,0.3333333333333333,3.0,3,11.25,0.0,15.2,26.1,20.3,1304.0,2.7,5.8,0.0,150,8148
2022-05-31,ciflorette,9.0,,parcelle_2,10.0,0.9,1,0.3333333333333333,1.0,1,5.35,0.0,15.0,25.0,20.8,1712.0,2.8,5.3,0.0,151,8148
2022-06-02,ciflorette,75.5,,parcelle_2,10.0,7.55,3,0.5,2.0,2,0.9,0.0,16.7,25.8,22.2,1540.0,3.7,7.3,0.0,153,8148
2022-06-03,ciflorette,64.0,,parcelle_2,10.0,6.4,4,0.5,1.0,1,7.55,0.8,20.6,30.2,24.2,1733.0,4.0,7.5,0.0,154,8148
2022-06-06,ciflorette,110.0,,parcelle_2,10.0,11.0,0,0.3333333333333333,3.0,3,6.4,0.0,17.5,30.8,25.7,1524.0,5.9,12.4,0.0,157,8148
2022-06-07,ciflorette,86.5,,parcelle_2,10.0,8.65,1,0.3333333333333333,1.0,1,11.0,0.0,21.6,32.5,26.5,1545.0,6.2,13.8,0.0,158,8148
2022-06-08,ciflorette,72.0,,parcelle_2,10.0,7.2,2,0.3333333333333333,1.0,1,8.65,0.0,18.4,29.1,24.2,1739.0,5.4,11.5,0.0,159,8148
2022-06-09,ciflorette,105.0,,parcelle_2,10.0,10.5,3,0.5,1.0,1,7.2,0.0,21.2,29.9,25.1,1805.0,7.5,11.6,0.0,160,8148
2022-06-10,ciflorette,85.5,,parcelle_2,10.0,8.55,4,0.5,1.0,1,10.5,0.0,18.8,28.1,23.0,1440.0,4.1,8.4,0.0,161,8148
2022-06-11,ciflorette,102.0,,parcelle_2,10.0,10.2,5,0.5,1.0,1,8.55,0.0,13.0,29.6,22.8,1420.0,2.6,5.7,0.0,162,8148
2022-06-14,ciflorette,112.0,,parcelle_2,10.0,11.2,1,0.3333333333333333,3.0,3,10.2,0.0,16.1,27.6,22.9,915.0,2.0,5.2,0.0,165,8148
2022-06-15,ciflorette,39.0,,parcelle_2,10.0,3.9,2,0.3333333333333333,1.0,1,11.2,0.0,18.4,28.5,23.8,1516.0,2.3,6.4,0.0,166,8148
2022-06-16,ciflorette,121.5,,parcelle_2,10.0,12.15,3,0.5,1.0,1,3.9,0.2,19.2,27.7,23.9,1424.0,2.9,8.7,0.0,167,8148
2022-06-17,ciflorette,72.0,,parcelle_2,10.0,7.2,4,0.5,1.0,1,12.15,0.0,18.1,29.2,24.3,924.0,2.1,4.9,0.0,168,8148
2022-06-20,ciflorette,76.5,,parcelle_2,10.0,7.65,0,0.3333333333333333,3.0,3,7.2,0.0,18.7,29.7,24.8,1242.0,2.4,4.9,0.0,171,8148
2022-06-21,ciflorette,83.5,,parcelle_2,10.0,8.35,1,0.3333333333333333,1.0,1,7.65,1.0,18.7,28.9,25.0,1728.0,3.1,6.5,0.0,172,8148
2022-06-22,ciflorette,73.5,,parcelle_2,10.0,7.35,2,0.3333333333333333,1.0,1,8.35,1.6,22.5,28.0,24.4,956.0,2.4,6.2,0.0,173,8148
2022-06-23,ciflorette,57.5,,parcelle_2,10.0,5.75,3,0.5,1.0,1,7.35,1.0,19.7,28.3,24.3,1645.0,2.6,5.3,0.0,174,8148
2022-06-24,ciflorette,45.0,,parcelle_2,10.0,4.5,4,0.5,1.0,1,5.75,0.0,19.3,29.2,24.3,1600.0,5.3,11.8,0.0,175,8148
2023-03-13,ciflorette,2.5,,parcelle_2,10.0,0.25,0,0.3333333333333333,262.0,248,4.5,0.0,9.5,16.5,14.3,2146.0,3.9,6.4,0.0,72,3892
2023-03-14,ciflorette,1.5,,parcelle_2,10.0,0.15,1,0.3333333333333333,1.0,1,0.25,0.0,12.9,18.6,15.4,1432.0,8.8,13.4,0.0,73,3892
2023-03-17,ciflorette,28.0,,parcelle_2,10.0,2.8,4,0.5,3.0,1,0.15,0.0,6.2,15.8,10.9,953.0,3.6,7.5,0.0,76,3892
2023-03-20,ciflorette,16.75,,parcelle_2,10.0,1.675,0,0.3333333333333333,3.0,3,2.8,0.2,4.5,16.8,11.3,1644.0,2.1,4.3,0.0,79,3892
2023-03-22,ciflorette,23.0,,parcelle_2,10.0,2.3,2,0.3333333333333333,2.0,2,1.675,0.0,5.2,17.5,11.9,1519.0,1.8,4.3,0.0,81,3892
2023-03-23,ciflorette,17.75,,parcelle_2,10.0,1.775,3,0.5,1.0,1,2.3,0.2,7.0,17.5,12.7,1313.0,2.0,4.5,0.0,82,3892
2023-03-24,ciflorette,34.25,,parcelle_2,10.0,3.425,4,0.5,1.0,1,1.775,0.0,10.4,16.9,14.2,1117.0,2.5,4.7,0.0,83,3892
2023-03-27,ciflorette,49.5,,parcelle_2,10.0,4.95,0,0.3333333333333333,3.0,3,3.425,0.0,12.4,20.0,14.7,1458.0,8.3,12.2,0.0,86,3892
2023-03-28,ciflorette,37.25,,parcelle_2,10.0,3.725,1,0.3333333333333333,1.0,1,4.95,0.0,6.2,16.4,11.3,100.0,2.6,6.2,0.0,87,3892
2023-03-29,ciflorette,31.25,,parcelle_2,10.0,3.125,2,0.3333333333333333,1.0,1,3.725,0.0,3.4,16.6,11.8,1413.0,3.0,8.1,0.0,88,3892
2023-03-30,ciflorette,33.75,,parcelle_2,10.0,3.375,3,0.5,1.0,1,3.125,0.0,9.2,17.3,13.0,1241.0,2.1,4.6,0.0,89,3892
2023-03-31,ciflorette,32.75,,parcelle_2,10.0,3.275,4,0.5,1.0,1,3.375,0.0,8.8,18.2,14.6,2101.0,6.1,13.2,0.0,90,3892
2023-04-03,ciflorette,67.5,,parcelle_2,10.0,6.75,0,0.3333333333333333,3.0,3,3.275,0.0,10.5,20.7,14.6,1645.0,4.2,8.2,0.0,93,3892
2023-04-04,ciflorette,46.75,,parcelle_2,10.0,4.675,1,0.3333333333333333,1.0,1,6.75,3.4,9.4,13.6,10.6,313.0,3.6,10.6,0.0,94,3892
2023-04-05,ciflorette,46.5,,parcelle_2,10.0,4.65,2,0.3333333333333333,1.0,1,4.675,0.0,3.3,15.8,10.0,1204.0,2.7,4.9,0.0,95,3892
2023-04-06,ciflorette,25.0,,parcelle_2,10.0,2.5,3,0.5,1.0,1,4.65,0.0,6.2,16.6,11.5,1649.0,3.2,7.0,0.0,96,3892
2023-04-07,ciflorette,29.0,,parcelle_2,10.0,2.9,4,0.5,1.0,1,2.5,0.0,4.3,19.7,13.1,1348.0,4.8,12.3,0.0,97,3892
2023-04-08,ciflorette,13.75,,parcelle_2,10.0,1.375,5,0.5,1.0,1,2.9,0.2,4.2,16.4,11.7,1414.0,3.7,9.8,0.0,98,3892
2023-04-10,ciflorette,57.0,,parcelle_2,10.0,5.7,0,0.3333333333333333,2.0,2,1.375,0.0,5.2,17.7,12.8,1219.0,2.4,6.6,0.0,100,3892
2023-04-11,ciflorette,55.0,,parcelle_2,10.0,5.5,1,0.3333333333333333,1.0,1,5.7,0.0,8.2,23.3,16.2,1557.0,5.8,12.3,0.0,101,3892
2023-04-12,ciflorette,56.75,,parcelle_2,10.0,5.675,2,0.3333333333333333,1.0,1,5.5,0.2,13.3,19.2,16.0,1408.0,4.5,8.6,0.0,102,3892
2023-04-13,ciflorette,46.5,,parcelle_2,10.0,4.65,3,0.5,1.0,1,5.675,0.0,11.3,18.1,14.3,1348.0,7.7,13.2,0.0,103,3892
2023-04-14,ciflorette,36.25,,parcelle_2,10.0,3.625,4,0.5,1.0,1,4.65,0.0,10.6,17.6,14.0,1417.0,8.2,13.9,0.0,104,3892
2023-04-15,ciflorette,49.5,,parcelle_2,10.0,4.95,5,0.5,1.0,1,3.625,0.0,12.5,20.4,15.5,1216.0,7.9,14.7,0.0,105,3892
2023-04-17,ciflorette,54.25,,parcelle_2,10.0,5.425,0,0.3333333333333333,2.0,2,4.95,0.0,8.7,20.5,15.1,1225.0,2.0,4.0,0.0,107,3892
2023-04-18,ciflorette,31.75,,parcelle_2,10.0,3.175,1,0.3333333333333333,1.0,1,5.425,0.0,7.7,21.2,14.9,1406.0,2.7,5.1,0.0,108,3892
2023-04-19,ciflorette,15.25,,parcelle_2,10.0,1.525,2,0.3333333333333333,1.0,1,3.175,0.0,7.0,19.9,14.8,1215.0,2.8,7.8,0.0,109,3892
2023-04-20,ciflorette,23.5,,parcelle_2,10.0,2.35,3,0.5,1.0,1,1.525,0.0,6.5,18.6,13.7,1258.0,3.1,7.3,0.0,110,3892
2023-04-21,ciflorette,16.25,,parcelle_2,10.0,1.625,4,0.5,1.0,1,2.35,0.2,9.0,18.3,13.9,1139.0,3.2,6.3,0.0,111,3892
2023-04-24,ciflorette,15.75,,parcelle_2,10.0,1.575,0,0.3333333333333333,3.0,2,1.625,0.0,14.1,23.9,18.3,1635.0,7.8,13.0,0.0,114,3892
2023-04-25,ciflorette,36.75,,parcelle_2,10.0,3.675,1,0.3333333333333333,1.0,1,1.575,0.0,14.9,24.3,19.0,1214.0,7.0,12.0,0.0,115,3892
2023-04-26,ciflorette,9.0,,parcelle_2,10.0,0.9,2,0.3333333333333333,1.0,1,3.675,0.0,11.4,21.4,16.7,1620.0,2.7,5.2,0.0,116,3892
2023-04-27,ciflorette,13.75,,parcelle_2,10.0,1.375,3,0.5,1.0,1,0.9,0.0,9.3,20.4,15.1,1043.0,2.3,5.8,0.0,117,3892
2023-04-28,ciflorette,8.5,,parcelle_2,10.0,0.85,4,0.5,1.0,1,1.375,0.0,9.5,20.6,15.4,1612.0,2.7,6.3,0.0,118,3892
2023-04-29,ciflorette,12.0,,parcelle_2,10.0,1.2,5,0.5,1.0,1,0.85,0.6,11.7,20.4,16.5,1316.0,2.7,6.7,0.0,119,3892
2023-05-01,ciflorette,5.75,,parcelle_2,10.0,0.575,0,0.3333333333333333,2.0,2,1.2,4.2,11.1,22.3,15.2,1355.0,2.2,8.0,0.0,121,3892
2023-05-02,ciflorette,7.5,,parcelle_2,10.0,0.75,1,0.3333333333333333,1.0,1,0.575,0.2,9.1,22.4,16.3,1319.0,3.0,6.7,0.0,122,3892
2023-05-03,ciflorette,20.25,,parcelle_2,10.0,2.025,2,0.3333333333333333,1.0,1,0.75,0.0,9.4,22.8,17.3,1300.0,2.9,7.2,0.0,123,3892
2023-05-04,ciflorette,11.0,,parcelle_2,10.0,1.1,3,0.5,1.0,1,2.025,0.0,10.3,23.8,18.1,1548.0,2.3,5.3,0.0,124,3892
2023-05-05,ciflorette,17.0,,parcelle_2,10.0,1.7,4,0.5,1.0,1,1.1,0.0,9.0,22.3,17.1,1517.0,2.8,7.8,0.0,125,3892
2023-05-06,ciflorette,5.0,,parcelle_2,10.0,0.5,5,0.5,1.0,1,1.7,0.2,8.7,22.2,16.8,1152.0,2.1,4.8,0.0,126,3892
2023-05-08,ciflorette,13.5,,parcelle_2,10.0,1.35,0,0.3333333333333333,2.0,2,0.5,0.0,11.4,24.3,18.4,1446.0,1.9,4.5,0.0,128,3892
2023-05-09,ciflorette,15.0,,parcelle_2,10.0,1.5,1,0.3333333333333333,1.0,1,1.35,3.8,12.2,21.8,17.8,1633.0,2.6,7.4,0.0,129,3892
2023-05-10,ciflorette,11.0,,parcelle_2,10.0,1.1,2,0.3333333333333333,1.0,1,1.5,0.0,16.1,25.8,20.8,524.0,5.8,10.9,0.0,130,3892
2023-05-11,ciflorette,14.0,,parcelle_2,10.0,1.4,3,0.5,1.0,1,1.1,0.0,12.7,24.6,18.4,1544.0,4.0,10.6,0.0,131,3892
2023-05-12,ciflorette,20.5,,parcelle_2,10.0,2.05,4,0.5,1.0,1,1.4,0.0,10.0,21.4,15.4,1323.0,3.3,8.2,0.0,132,3892
2023-05-15,ciflorette,9.5,,parcelle_2,10.0,0.95,0,0.3333333333333333,3.0,3,2.05,1.0,9.7,23.1,17.3,2036.0,3.2,7.1,0.0,135,3892
2023-05-16,ciflorette,16.5,,parcelle_2,10.0,1.65,1,0.3333333333333333,1.0,1,0.95,0.2,15.1,26.8,20.0,1619.0,4.1,8.2,0.0,136,3892
2023-05-17,ciflorette,20.0,,parcelle_2,10.0,2.0,2,0.3333333333333333,1.0,1,1.65,0.0,16.0,23.1,18.7,713.0,3.0,5.4,0.0,137,3892
2023-05-19,ciflorette,16.5,,parcelle_2,10.0,1.65,4,0.5,2.0,2,2.0,0.4,15.0,20.1,17.1,1431.0,3.0,6.0,0.0,139,3892
2023-05-22,ciflorette,6.5,,parcelle_2,10.0,0.65,0,0.3333333333333333,3.0,3,1.65,0.0,14.4,25.1,20.5,1127.0,2.2,5.0,0.0,142,3892
2023-05-23,ciflorette,12.0,,parcelle_2,10.0,1.2,1,0.3333333333333333,1.0,1,0.65,0.0,14.5,25.8,21.0,1156.0,2.2,6.8,0.0,143,3892
2023-05-24,ciflorette,15.5,,parcelle_2,10.0,1.55,2,0.3333333333333333,1.0,1,1.2,0.2,14.3,23.0,19.7,925.0,2.5,5.5,0.0,144,3892
2023-05-25,ciflorette,10.0,,parcelle_2,10.0,1.0,3,0.5,1.0,1,1.55,15.5,16.2,22.1,18.5,1209.0,3.0,7.3,0.0,145,3892
2023-05-26,ciflorette,13.0,,parcelle_2,10.0,1.3,4,0.5,1.0,1,1.0,0.0,14.9,25.4,21.1,1455.0,3.2,7.5,0.0,146,3892
2023-05-29,ciflorette,10.0,,parcelle_2,10.0,1.0,0,0.3333333333333333,3.0,3,1.3,0.0,14.2,25.6,21.1,1313.0,3.2,6.1,0.0,149,3892
2023-05-30,ciflorette,12.5,,parcelle_2,10.0,1.25,1,0.3333333333333333,1.0,1,1.0,0.0,18.4,26.7,23.0,925.0,3.3,6.1,0.0,150,3892
2023-05-31,ciflorette,20.0,,parcelle_2,10.0,2.0,2,0.3333333333333333,1.0,1,1.25,0.6,17.4,23.6,20.0,959.0,2.4,5.8,0.0,151,3892
2023-06-01,ciflorette,16.0,,parcelle_2,10.0,1.6,3,0.5,1.0,1,2.0,0.0,14.8,24.8,20.2,1102.0,2.6,6.3,0.0,152,3892
2023-06-02,ciflorette,25.0,,parcelle_2,10.0,2.5,4,0.5,1.0,1,1.6,0.0,14.9,24.0,20.2,1102.0,2.9,6.4,0.0,153,3892
2023-06-05,ciflorette,16.5,,parcelle_2,10.0,1.65,0,0.3333333333333333,3.0,3,2.5,0.0,15.7,24.6,20.8,1157.0,2.4,5.4,0.0,156,3892
2023-06-06,ciflorette,29.0,,parcelle_2,10.0,2.9,1,0.3333333333333333,1.0,1,1.65,0.0,16.5,24.9,21.4,1459.0,3.9,8.7,0.0,157,3892
2023-06-07,ciflorette,34.0,,parcelle_2,10.0,3.4,2,0.3333333333333333,1.0,1,2.9,0.0,16.8,25.7,21.6,1513.0,3.0,6.0,0.0,158,3892
2023-06-08,ciflorette,34.25,,parcelle_2,10.0,3.425,3,0.5,1.0,1,3.4,0.0,16.5,25.8,21.6,1528.0,2.2,5.5,0.0,159,3892
2023-06-09,ciflorette,28.0,,parcelle_2,10.0,2.8,4,0.5,1.0,1,3.425,0.0,17.6,24.9,21.3,1424.0,2.5,5.9,0.0,160,3892
2023-06-12,ciflorette,30.5,,parcelle_2,10.0,3.05,0,0.3333333333333333,3.0,3,2.8,0.0,17.7,27.1,22.9,849.0,2.6,5.2,0.0,163,3892
2023-06-13,ciflorette,41.0,,parcelle_2,10.0,4.1,1,0.3333333333333333,1.0,1,3.05,4.6,18.2,26.9,22.1,1340.0,2.9,5.5,0.0,164,3892
2023-06-14,ciflorette,45.75,,parcelle_2,10.0,4.575,2,0.3333333333333333,1.0,1,4.1,4.6,18.5,26.6,21.2,1729.0,2.1,4.7,0.0,165,3892
2023-06-15,ciflorette,36.0,,parcelle_2,10.0,3.6,3,0.5,1.0,1,4.575,0.0,16.9,27.8,22.6,1416.0,2.6,5.3,0.0,166,3892
2023-06-16,ciflorette,43.5,,parcelle_2,10.0,4.35,4,0.5,1.0,1,3.6,0.0,15.2,27.9,22.8,1645.0,2.6,6.4,0.0,167,3892
2023-06-19,ciflorette,27.5,,parcelle_2,10.0,2.75,0,0.3333333333333333,3.0,3,4.35,0.0,18.1,27.8,23.8,1523.0,3.7,7.5,0.0,170,3892
2023-06-20,ciflorette,29.0,,parcelle_2,10.0,2.9,1,0.3333333333333333,1.0,1,2.75,0.0,21.4,29.2,25.5,1047.0,5.5,10.1,0.0,171,3892
2023-06-21,ciflorette,21.25,,parcelle_2,10.0,2.125,2,0.3333333333333333,1.0,1,2.9,0.2,22.0,30.3,26.2,1221.0,4.8,8.5,0.0,172,3892
2023-06-22,ciflorette,23.0,,parcelle_2,10.0,2.3,3,0.5,1.0,1,2.125,0.0,22.4,29.5,25.8,1227.0,3.5,9.7,0.0,173,3892
2023-06-24,ciflorette,30.5,,parcelle_2,10.0,3.05,5,0.5,2.0,1,2.3,0.0,17.7,30.5,25.5,1332.0,2.0,5.0,0.0,175,3892
2023-06-26,ciflorette,12.5,,parcelle_2,10.0,1.25,0,0.3333333333333333,2.0,2,3.05,0.0,16.8,31.2,24.9,959.0,1.9,5.0,0.0,177,3892
2023-06-27,ciflorette,5.5,,parcelle_2,10.0,0.55,1,0.3333333333333333,1.0,1,1.25,0.2,18.2,29.9,24.6,1435.0,2.2,5.3,0.0,178,3892
2023-06-28,ciflorette,12.5,,parcelle_2,10.0,1.25,2,0.3333333333333333,1.0,1,0.55,0.0,18.2,29.0,24.8,1133.0,2.5,5.6,0.0,179,3892
2023-06-29,ciflorette,10.75,,parcelle_2,10.0,1.075,3,0.5,1.0,1,1.25,6.1,19.6,30.2,25.6,2308.0,2.2,5.2,0.0,180,3892
2023-06-30,ciflorette,10.5,,parcelle_2,10.0,1.05,4,0.5,1.0,1,1.075,0.0,20.8,28.1,24.8,1021.0,5.3,11.1,0.0,181,3892
2023-07-01,ciflorette,1.508,,parcelle_2,10.0,0.1508,5,0.5,1.0,1,1.05,0.0,17.7,31.5,25.7,1404.0,5.9,10.8,0.0,182,3892
2023-07-02,ciflorette,0.835,,parcelle_2,10.0,0.08349999999999999,6,0.0,1.0,1,0.1508,0.0,22.5,32.7,26.5,14.0,4.5,10.6,0.0,183,3892
2023-07-03,ciflorette,17.382,,parcelle_2,10.0,1.7382000000000002,0,0.3333333333333333,1.0,1,0.08349999999999999,0.0,19.1,31.5,26.0,1450.0,4.5,8.7,0.0,184,3892
2023-07-04,ciflorette,1.832,,parcelle_2,10.0,0.1832,1,0.3333333333333333,1.0,1,1.7382000000000002,0.0,16.3,29.4,25.2,1658.0,3.9,10.4,0.0,185,3892
2023-07-05,ciflorette,8.0,,parcelle_2,10.0,0.8,2,0.3333333333333333,1.0,1,0.1832,0.0,17.6,30.9,25.7,1206.0,4.7,10.6,0.0,186,3892
2023-07-06,ciflorette,3.185,,parcelle_2,10.0,0.3185,3,0.5,1.0,1,0.8,0.0,18.7,30.3,24.8,1442.0,2.9,6.8,0.0,187,3892
2023-07-07,ciflorette,2.381,,parcelle_2,10.0,0.23809999999999998,4,0.5,1.0,1,0.3185,0.0,21.9,30.0,26.8,1135.0,4.2,8.4,0.0,188,3892
2023-07-08,ciflorette,4.21,,parcelle_2,10.0,0.421,5,0.5,1.0,1,0.23809999999999998,0.0,25.2,32.0,28.2,732.0,5.1,8.7,0.0,189,3892
2023-07-09,ciflorette,0.324,,parcelle_2,10.0,0.0324,6,0.0,1.0,1,0.421,0.0,19.5,31.1,25.9,1238.0,3.2,8.2,0.0,190,3892
2023-07-10,ciflorette,0.227,,parcelle_2,10.0,0.0227,0,0.3333333333333333,1.0,1,0.0324,0.0,18.7,33.5,26.8,1259.0,2.2,5.1,0.0,191,3892
2023-07-11,ciflorette,0.405,,parcelle_2,10.0,0.0405,1,0.3333333333333333,1.0,1,0.0227,0.0,19.9,29.7,25.7,1239.0,3.1,6.7,0.0,192,3892
2023-07-12,ciflorette,1.946,,parcelle_2,10.0,0.1946,2,0.3333333333333333,1.0,1,0.0405,0.0,21.3,29.7,26.2,1257.0,3.2,8.8,0.0,193,3892
2023-07-13,ciflorette,2.677,,parcelle_2,10.0,0.2677,3,0.5,1.0,1,0.1946,0.0,22.4,35.9,29.1,1313.0,4.1,11.3,0.0,194,3892
2023-07-14,ciflorette,1.513,,parcelle_2,10.0,0.1513,4,0.5,1.0,1,0.2677,0.0,16.4,31.2,25.1,1550.0,2.9,5.9,0.0,195,3892
2024-03-08,ciflorette,5.5,,parcelle_2,10.0,0.55,4,0.5,238.0,233,0.1513,8.3,5.5,13.2,10.4,1043.0,5.6,11.4,0.0,68,3312
2024-03-11,ciflorette,10.5,,parcelle_2,10.0,1.05,0,0.3333333333333333,3.0,3,0.55,2.2,7.4,15.5,11.8,1739.0,3.6,7.6,0.0,71,3312
2024-03-14,ciflorette,23.5,,parcelle_2,10.0,2.35,3,0.5,3.0,3,1.05,0.0,6.7,16.8,12.0,1109.0,2.1,4.2,0.0,74,3312
2024-03-18,ciflorette,29.5,,parcelle_2,10.0,2.95,0,0.3333333333333333,4.0,3,2.35,0.2,12.2,22.2,15.6,1233.0,3.2,8.6,0.0,78,3312
2024-03-19,ciflorette,5.5,,parcelle_2,10.0,0.55,1,0.3333333333333333,1.0,1,2.95,0.2,8.2,18.9,13.7,1346.0,2.0,4.7,0.0,79,3312
2024-03-20,ciflorette,40.0,,parcelle_2,10.0,4.0,2,0.3333333333333333,1.0,1,0.55,0.2,8.6,18.4,13.5,1210.0,2.0,6.2,0.0,80,3312
2024-03-21,ciflorette,38.0,,parcelle_2,10.0,3.8,3,0.5,1.0,1,4.0,0.2,7.2,20.2,14.0,1121.0,3.8,10.0,0.0,81,3312
2024-03-22,ciflorette,24.5,,parcelle_2,10.0,2.45,4,0.5,1.0,1,3.8,0.2,7.9,18.3,13.5,1040.0,2.0,4.7,0.0,82,3312
2024-03-25,ciflorette,56.5,,parcelle_2,10.0,5.65,0,0.3333333333333333,3.0,3,2.45,0.6,7.1,15.8,12.4,2324.0,6.7,11.5,0.0,85,3312
2024-03-26,ciflorette,27.0,,parcelle_2,10.0,2.7,1,0.3333333333333333,1.0,1,5.65,24.4,10.9,13.0,11.8,746.0,9.1,13.9,0.0,86,3312
2024-03-27,ciflorette,61.5,,parcelle_2,10.0,6.15,2,0.3333333333333333,1.0,1,2.7,0.2,9.1,15.1,11.5,47.0,5.5,11.0,0.0,87,3312
2024-03-28,ciflorette,11.25,,parcelle_2,10.0,1.125,3,0.5,1.0,1,6.15,0.0,7.2,19.5,14.8,1159.0,3.6,11.3,0.0,88,3312
2024-03-29,ciflorette,50.0,,parcelle_2,10.0,5.0,4,0.5,1.0,1,1.125,0.0,11.7,18.4,16.0,1451.0,6.3,10.4,0.0,89,3312
2024-03-30,ciflorette,33.5,,parcelle_2,10.0,3.35,5,0.5,1.0,1,5.0,13.3,15.1,17.4,15.7,601.0,6.2,10.9,0.0,90,3312
2024-04-01,ciflorette,60.0,,parcelle_2,10.0,6.0,0,0.3333333333333333,2.0,2,3.35,0.0,10.4,17.1,13.4,1058.0,5.7,10.9,0.0,92,3312
2024-04-02,ciflorette,31.75,,parcelle_2,10.0,3.175,1,0.3333333333333333,1.0,1,6.0,0.0,5.6,19.3,13.4,1332.0,5.1,13.8,0.0,93,3312
2024-04-03,ciflorette,31.75,,parcelle_2,10.0,3.175,2,0.3333333333333333,1.0,1,3.175,0.0,10.4,19.6,15.3,1503.0,3.8,9.1,0.0,94,3312
2024-04-04,ciflorette,40.5,,parcelle_2,10.0,4.05,3,0.5,1.0,1,3.175,0.0,10.8,20.8,15.5,8.0,3.0,6.9,0.0,95,3312
2024-04-05,ciflorette,42.25,,parcelle_2,10.0,4.225,4,0.5,1.0,1,4.05,0.2,8.6,18.2,13.2,1042.0,2.5,5.0,0.0,96,3312
2024-04-06,ciflorette,23.75,,parcelle_2,10.0,2.375,5,0.5,1.0,1,4.225,0.2,7.5,18.2,13.5,1224.0,2.9,7.4,0.0,97,3312
2024-04-08,ciflorette,58.75,,parcelle_2,10.0,5.875,0,0.3333333333333333,2.0,2,2.375,0.2,10.0,20.9,16.5,1338.0,3.5,7.9,0.0,99,3312
2024-04-09,ciflorette,12.5,,parcelle_2,10.0,1.25,1,0.3333333333333333,1.0,1,5.875,0.4,14.5,18.3,15.8,2138.0,4.9,11.2,0.0,100,3312
2024-04-10,ciflorette,25.75,,parcelle_2,10.0,2.575,2,0.3333333333333333,1.0,1,1.25,0.0,11.4,21.5,14.9,116.0,4.7,11.5,0.0,101,3312
2024-04-11,ciflorette,33.0,,parcelle_2,10.0,3.3,3,0.5,1.0,1,2.575,0.0,10.7,20.8,15.8,1253.0,2.7,6.0,0.0,102,3312
2024-04-12,ciflorette,27.5,,parcelle_2,10.0,2.75,4,0.5,1.0,1,3.3,0.2,10.7,24.6,17.2,1313.0,2.1,5.2,0.0,103,3312
2024-04-13,ciflorette,24.25,,parcelle_2,10.0,2.425,5,0.5,1.0,1,2.75,0.0,9.4,24.1,17.7,1134.0,1.5,3.3,0.0,104,3312
2024-04-15,ciflorette,33.75,,parcelle_2,10.0,3.375,0,0.3333333333333333,2.0,2,2.425,0.0,9.1,25.1,18.1,1615.0,4.5,9.0,0.0,106,3312
2024-04-16,ciflorette,11.25,,parcelle_2,10.0,1.125,1,0.3333333333333333,1.0,1,3.375,0.0,15.2,20.9,17.1,2039.0,10.2,16.3,0.0,107,3312
2024-04-17,ciflorette,7.5,,parcelle_2,10.0,0.75,2,0.3333333333333333,1.0,1,1.125,0.0,11.5,19.3,15.0,1600.0,9.8,14.5,0.0,108,3312
2024-04-18,ciflorette,3.0,,parcelle_2,10.0,0.3,3,0.5,1.0,1,0.75,0.0,10.3,17.7,12.8,1031.0,6.1,12.0,0.0,109,3312
2024-04-19,ciflorette,8.5,,parcelle_2,10.0,0.85,4,0.5,1.0,1,0.3,0.0,7.4,21.6,14.9,1905.0,5.7,12.3,0.0,110,3312
2024-04-20,ciflorette,5.25,,parcelle_2,10.0,0.525,5,0.5,1.0,1,0.85,0.0,13.2,21.7,16.5,954.0,6.0,11.8,0.0,111,3312
2024-04-22,ciflorette,5.0,,parcelle_2,10.0,0.5,0,0.3333333333333333,2.0,2,0.525,0.0,7.7,17.5,11.2,1602.0,4.3,8.4,0.0,113,3312
2024-04-25,ciflorette,1.0,,parcelle_2,10.0,0.1,3,0.5,3.0,1,0.5,0.0,8.6,17.5,13.3,1300.0,5.8,10.8,0.0,116,3312
2024-04-26,ciflorette,5.0,,parcelle_2,10.0,0.5,4,0.5,1.0,1,0.1,45.8,8.2,13.1,10.4,1027.0,2.4,5.1,0.0,117,3312
2024-04-29,ciflorette,2.0,,parcelle_2,10.0,0.2,0,0.3333333333333333,3.0,3,0.5,0.0,10.3,21.3,17.8,1450.0,4.7,9.1,0.0,120,3312
2024-04-30,ciflorette,1.5,,parcelle_2,10.0,0.15,1,0.3333333333333333,1.0,1,0.2,1.6,16.3,21.2,17.9,1241.0,4.8,7.9,0.0,121,3312
2024-05-02,ciflorette,2.0,,parcelle_2,10.0,0.2,3,0.5,2.0,2,0.15,1.4,11.4,14.6,12.9,1743.0,6.9,11.0,0.0,123,3312
2024-05-03,ciflorette,2.5,,parcelle_2,10.0,0.25,4,0.5,1.0,1,0.2,0.0,11.7,19.1,15.8,1639.0,7.6,12.9,0.0,124,3312
2024-05-06,ciflorette,3.0,,parcelle_2,10.0,0.3,0,0.3333333333333333,3.0,3,0.25,0.4,11.2,19.4,15.7,852.0,3.3,6.8,0.0,127,3312
2024-05-07,ciflorette,4.5,,parcelle_2,10.0,0.45,1,0.3333333333333333,1.0,1,0.3,0.0,13.1,20.9,16.9,1501.0,5.1,12.4,0.0,128,3312
2024-05-10,ciflorette,7.0,,parcelle_2,10.0,0.7,4,0.5,3.0,3,0.45,0.0,13.7,23.2,18.8,1033.0,2.6,5.4,0.0,131,3312
2024-05-13,ciflorette,5.5,,parcelle_2,10.0,0.55,0,0.3333333333333333,3.0,3,0.7,0.2,12.4,22.0,17.6,1235.0,2.7,6.7,0.0,134,3312
2024-05-14,ciflorette,5.0,,parcelle_2,10.0,0.5,1,0.3333333333333333,1.0,1,0.55,12.2,13.3,21.2,16.9,1626.0,4.2,9.0,0.0,135,3312
2024-05-16,ciflorette,3.5,,parcelle_2,10.0,0.35,3,0.5,2.0,2,0.5,0.0,14.3,21.4,17.5,1554.0,4.5,9.9,0.0,137,3312
2024-05-17,ciflorette,3.5,,parcelle_2,10.0,0.35,4,0.5,1.0,1,0.35,0.2,9.8,20.9,16.6,1247.0,2.9,6.7,0.0,138,3312
2024-05-20,ciflorette,5.5,,parcelle_2,10.0,0.55,0,0.3333333333333333,3.0,3,0.35,0.0,12.3,21.5,18.1,1244.0,2.1,6.1,0.0,141,3312
2024-05-21,ciflorette,4.0,,parcelle_2,10.0,0.4,1,0.3333333333333333,1.0,1,0.55,0.0,13.1,22.3,18.9,1332.0,6.7,12.2,0.0,142,3312
2024-05-22,ciflorette,3.5,,parcelle_2,10.0,0.35,2,0.3333333333333333,1.0,1,0.4,0.0,16.0,22.7,19.4,1200.0,6.8,12.4,0.0,143,3312
2024-05-23,ciflorette,6.5,,parcelle_2,10.0,0.65,3,0.5,1.0,1,0.35,0.0,14.5,21.7,18.7,1411.0,5.6,12.4,0.0,144,3312
2024-05-24,ciflorette,5.5,,parcelle_2,10.0,0.55,4,0.5,1.0,1,0.65,0.2,11.3,22.8,17.8,1300.0,2.8,7.3,0.0,145,3312
2024-05-27,ciflorette,9.5,,parcelle_2,10.0,0.95,0,0.3333333333333333,3.0,3,0.55,0.0,13.6,23.9,18.8,1720.0,2.4,7.0,0.0,148,3312
2024-05-28,ciflorette,5.0,,parcelle_2,10.0,0.5,1,0.3333333333333333,1.0,1,0.95,0.0,14.4,25.2,20.0,1042.0,2.2,6.1,0.0,149,3312
2024-05-29,ciflorette,8.5,,parcelle_2,10.0,0.85,2,0.3333333333333333,1.0,1,0.5,0.0,13.4,25.7,21.0,2114.0,3.2,7.5,0.0,150,3312
2024-05-30,ciflorette,14.0,,parcelle_2,10.0,1.4,3,0.5,1.0,1,0.85,0.0,19.8,27.4,22.7,1439.0,7.2,13.4,0.0,151,3312
2024-05-31,ciflorette,23.0,,parcelle_2,10.0,2.3,4,0.5,1.0,1,1.4,0.0,16.6,26.4,21.2,948.0,6.2,11.3,0.0,152,3312
2024-06-03,ciflorette,22.5,,parcelle_2,10.0,2.25,0,0.3333333333333333,3.0,3,2.3,0.2,11.8,23.7,19.1,1624.0,2.3,4.6,0.0,155,3312
2024-06-04,ciflorette,15.0,,parcelle_2,10.0,1.5,1,0.3333333333333333,1.0,1,2.25,0.0,13.7,22.8,19.2,1218.0,2.6,6.8,0.0,156,3312
2024-06-05,ciflorette,17.5,,parcelle_2,10.0,1.75,2,0.3333333333333333,1.0,1,1.5,0.0,14.0,22.9,19.5,1452.0,3.1,7.1,0.0,157,3312
2024-06-06,ciflorette,30.5,,parcelle_2,10.0,3.05,3,0.5,1.0,1,1.75,0.0,13.7,25.1,20.0,1502.0,2.6,6.4,0.0,158,3312
2024-06-07,ciflorette,36.5,,parcelle_2,10.0,3.65,4,0.5,1.0,1,3.05,0.0,14.5,25.1,21.0,1422.0,2.8,7.1,0.0,159,3312
2024-06-10,ciflorette,30.0,,parcelle_2,10.0,3.0,0,0.3333333333333333,3.0,3,3.65,0.0,16.8,28.8,22.7,1554.0,5.8,12.7,0.0,162,3312
2024-06-11,ciflorette,44.25,,parcelle_2,10.0,4.425,1,0.3333333333333333,1.0,1,3.0,0.0,17.2,27.2,22.6,1254.0,6.1,13.9,0.0,163,3312
2024-06-12,ciflorette,29.5,,parcelle_2,10.0,2.95,2,0.3333333333333333,1.0,1,4.425,0.0,14.3,26.6,21.2,1552.0,5.4,11.7,0.0,164,3312
2024-06-13,ciflorette,34.0,,parcelle_2,10.0,3.4,3,0.5,1.0,1,2.95,0.0,14.5,24.2,20.0,1543.0,6.4,12.6,0.0,165,3312
2024-06-14,ciflorette,36.5,,parcelle_2,10.0,3.65,4,0.5,1.0,1,3.4,0.0,12.9,23.8,19.6,1117.0,2.9,6.4,0.0,166,3312
2024-06-17,ciflorette,52.5,,parcelle_2,10.0,5.25,0,0.3333333333333333,3.0,3,3.65,0.0,12.0,24.4,19.8,1507.0,3.1,6.6,0.0,169,3312
2024-06-18,ciflorette,48.25,,parcelle_2,10.0,4.825,1,0.3333333333333333,1.0,1,5.25,0.0,14.9,28.2,23.7,1549.0,4.7,8.1,0.0,170,3312
2024-06-19,ciflorette,22.5,,parcelle_2,10.0,2.25,2,0.3333333333333333,1.0,1,4.825,2.6,20.6,27.0,23.7,1454.0,3.7,8.6,0.0,171,3312
2024-06-20,ciflorette,28.75,,parcelle_2,10.0,2.875,3,0.5,1.0,1,2.25,3.4,20.5,30.7,24.2,1711.0,4.3,8.9,0.0,172,3312
2024-06-21,ciflorette,41.0,,parcelle_2,10.0,4.1,4,0.5,1.0,1,2.875,0.0,21.7,26.8,24.0,1609.0,5.5,11.3,0.0,173,3312
2024-06-24,ciflorette,32.0,,parcelle_2,10.0,3.2,0,0.3333333333333333,3.0,3,4.1,1.2,16.3,24.7,20.1,1144.0,2.0,6.5,0.0,176,3312
2024-06-25,ciflorette,27.5,,parcelle_2,10.0,2.75,1,0.3333333333333333,1.0,1,3.2,0.0,16.5,24.0,20.9,1039.0,1.8,4.4,0.0,177,3312
2024-06-26,ciflorette,7.5,,parcelle_2,10.0,0.75,2,0.3333333333333333,1.0,1,2.75,0.0,16.8,25.2,22.0,1350.0,4.6,11.0,0.0,178,3312
2024-07-01,ciflorette,18.75,,parcelle_2,10.0,1.875,0,0.3333333333333333,5.0,5,0.75,0.0,17.8,32.6,24.7,1443.0,3.2,8.9,0.0,183,3312
2024-07-02,ciflorette,20.0,,parcelle_2,10.0,2.0,1,0.3333333333333333,1.0,1,1.875,0.0,19.7,32.0,26.1,1457.0,3.8,7.3,0.0,184,3312
2024-07-03,ciflorette,7.5,,parcelle_2,10.0,0.75,2,0.3333333333333333,1.0,1,2.0,0.0,20.0,31.7,25.0,1239.0,4.5,8.2,0.0,185,3312
2024-07-04,ciflorette,11.25,,parcelle_2,10.0,1.125,3,0.5,1.0,1,0.75,0.0,20.9,29.9,25.0,1515.0,4.9,10.4,0.0,186,3312
2024-07-05,ciflorette,7.5,,parcelle_2,10.0,0.75,4,0.5,1.0,1,1.125,0.0,16.1,26.8,22.6,1512.0,4.4,10.0,0.0,187,3312
2024-07-08,ciflorette,6.5,,parcelle_2,10.0,0.65,0,0.3333333333333333,3.0,3,0.75,0.0,15.4,28.7,22.5,1116.0,2.5,5.5,0.0,190,3312
2024-07-09,ciflorette,48.0,,parcelle_2,10.0,4.8,1,0.3333333333333333,1.0,1,0.65,0.0,15.6,30.4,23.3,1344.0,2.6,7.3,0.0,191,3312
2025-03-11,ciflorette,5.5,,parcelle_2,10.0,0.55,1,0.3333333333333333,245.0,245,4.8,11.9,9.8,16.1,12.6,1056.0,3.4,7.5,0.0,70,6624
2025-03-14,ciflorette,39.0,,parcelle_2,10.0,3.9,4,0.5,3.0,3,0.55,7.3,8.5,13.7,11.2,1501.0,2.3,5.8,0.0,73,6624
2025-03-17,ciflorette,12.5,,parcelle_2,10.0,1.25,0,0.3333333333333333,3.0,3,3.9,0.2,0.7,15.0,7.7,1537.0,2.5,5.4,0.0,76,6624
2025-03-18,ciflorette,23.5,,parcelle_2,10.0,2.35,1,0.3333333333333333,1.0,1,1.25,0.0,3.4,15.1,10.7,1304.0,7.1,12.7,0.0,77,6624
2025-03-19,ciflorette,32.0,,parcelle_2,10.0,3.2,2,0.3333333333333333,1.0,1,2.35,0.0,10.3,13.9,11.0,1008.0,7.0,10.8,0.0,78,6624
2025-03-20,ciflorette,6.5,,parcelle_2,10.0,0.65,3,0.5,1.0,1,3.2,0.0,8.2,15.5,12.4,1003.0,5.7,10.8,0.0,79,6624
2025-03-21,ciflorette,92.25,,parcelle_2,10.0,9.225,4,0.5,1.0,1,0.65,6.6,11.9,17.5,14.2,1341.0,8.5,13.2,0.0,80,6624
2025-03-24,ciflorette,32.5,,parcelle_2,10.0,3.25,0,0.3333333333333333,3.0,3,9.225,0.2,7.0,15.6,11.1,1436.0,3.0,6.4,0.0,83,6624
2025-03-25,ciflorette,57.25,,parcelle_2,10.0,5.725,1,0.3333333333333333,1.0,1,3.25,1.8,5.0,17.0,12.1,1822.0,2.6,5.1,0.0,84,6624
2025-03-26,ciflorette,66.0,,parcelle_2,10.0,6.6,2,0.3333333333333333,1.0,1,5.725,1.4,6.8,17.8,12.0,1538.0,2.3,6.7,0.0,85,6624
2025-03-27,ciflorette,67.25,,parcelle_2,10.0,6.725,3,0.5,1.0,1,6.6,0.0,8.0,20.4,14.3,1308.0,3.3,6.8,0.0,86,6624
2025-03-28,ciflorette,59.25,,parcelle_2,10.0,5.925,4,0.5,1.0,1,6.725,0.0,6.0,20.7,14.8,1245.0,4.1,8.7,0.0,87,6624
2025-03-31,ciflorette,69.75,,parcelle_2,10.0,6.975,0,0.3333333333333333,3.0,3,5.925,0.0,10.4,21.4,16.0,1127.0,4.0,8.7,0.0,90,6624
2025-04-01,ciflorette,84.5,,parcelle_2,10.0,8.45,1,0.3333333333333333,1.0,1,6.975,0.8,7.1,17.3,12.0,851.0,3.8,8.1,0.0,91,6624
2025-04-02,ciflorette,77.5,,parcelle_2,10.0,7.75,2,0.3333333333333333,1.0,1,8.45,0.0,5.9,18.2,13.2,835.0,5.3,10.1,0.0,92,6624
2025-04-03,ciflorette,53.0,,parcelle_2,10.0,5.3,3,0.5,1.0,1,7.75,0.0,7.6,18.4,13.4,1039.0,3.5,7.7,0.0,93,6624
2025-04-04,ciflorette,46.5,,parcelle_2,10.0,4.65,4,0.5,1.0,1,5.3,0.0,8.0,20.1,14.2,1126.0,4.0,8.8,0.0,94,6624
2025-04-05,ciflorette,54.5,,parcelle_2,10.0,5.45,5,0.5,1.0,1,4.65,0.0,8.4,19.5,13.9,853.0,3.0,6.3,0.0,95,6624
2025-04-07,ciflorette,65.5,,parcelle_2,10.0,6.55,0,0.3333333333333333,2.0,2,5.45,0.0,11.9,19.2,14.6,1317.0,4.0,9.2,0.0,97,6624
2025-04-08,ciflorette,43.75,,parcelle_2,10.0,4.375,1,0.3333333333333333,1.0,1,6.55,0.0,7.7,17.6,12.8,1147.0,3.2,7.3,0.0,98,6624
2025-04-09,ciflorette,43.0,,parcelle_2,10.0,4.3,2,0.3333333333333333,1.0,1,4.375,0.2,8.7,17.5,13.5,1544.0,3.0,6.1,0.0,99,6624
2025-04-10,ciflorette,50.75,,parcelle_2,10.0,5.075,3,0.5,1.0,1,4.3,0.2,9.0,18.7,13.7,1612.0,2.9,7.3,0.0,100,6624
2025-04-11,ciflorette,41.25,,parcelle_2,10.0,4.125,4,0.5,1.0,1,5.075,0.2,7.5,18.7,13.5,1341.0,3.6,9.7,0.0,101,6624
2025-04-12,ciflorette,26.5,,parcelle_2,10.0,2.65,5,0.5,1.0,1,4.125,1.8,8.5,17.4,14.2,1325.0,3.8,7.3,0.0,102,6624
2025-04-14,ciflorette,21.75,,parcelle_2,10.0,2.175,0,0.3333333333333333,2.0,2,2.65,22.4,13.8,18.6,14.9,1303.0,4.4,9.1,0.0,104,6624
2025-04-15,ciflorette,18.75,,parcelle_2,10.0,1.875,1,0.3333333333333333,1.0,1,2.175,12.7,12.9,17.2,15.4,1659.0,4.3,7.0,0.0,105,6624
2025-04-16,ciflorette,25.0,,parcelle_2,10.0,2.5,2,0.3333333333333333,1.0,1,1.875,6.6,12.2,15.6,13.6,103.0,2.6,6.5,0.0,106,6624
2025-04-17,ciflorette,18.25,,parcelle_2,10.0,1.825,3,0.5,1.0,1,2.5,2.4,11.1,17.0,12.8,935.0,5.8,11.1,0.0,107,6624
2025-04-18,ciflorette,14.75,,parcelle_2,10.0,1.475,4,0.5,1.0,1,1.825,0.0,7.5,18.2,13.3,1520.0,3.6,9.4,0.0,108,6624
2025-04-19,ciflorette,9.75,,parcelle_2,10.0,0.975,5,0.5,1.0,1,1.475,3.8,9.8,19.0,16.1,1609.0,7.8,12.2,0.0,109,6624
2025-04-20,ciflorette,9.0,,parcelle_2,10.0,0.9,6,0.0,1.0,1,0.975,0.0,9.3,17.6,14.1,1458.0,2.7,5.0,0.0,110,6624
2025-04-21,ciflorette,22.5,,parcelle_2,10.0,2.25,0,0.3333333333333333,1.0,1,0.9,0.2,9.9,21.0,15.1,1450.0,3.9,8.0,0.0,111,6624
2025-04-22,ciflorette,15.25,,parcelle_2,10.0,1.525,1,0.3333333333333333,1.0,1,2.25,0.2,7.9,20.8,14.9,1509.0,2.0,5.3,0.0,112,6624
2025-04-23,ciflorette,1.75,,parcelle_2,10.0,0.175,2,0.3333333333333333,1.0,1,1.525,0.0,8.3,21.6,16.3,1355.0,5.4,12.1,0.0,113,6624
2025-04-25,ciflorette,6.0,,parcelle_2,10.0,0.6,4,0.5,2.0,1,0.175,0.0,11.1,22.7,16.6,1223.0,3.2,6.6,0.0,115,6624
2025-04-26,ciflorette,6.5,,parcelle_2,10.0,0.65,5,0.5,1.0,1,0.6,0.0,9.1,19.1,15.3,1024.0,2.9,7.3,0.0,116,6624
2025-04-28,ciflorette,7.0,,parcelle_2,10.0,0.7,0,0.3333333333333333,2.0,2,0.65,0.0,13.4,21.5,17.3,1348.0,3.3,7.5,0.0,118,6624
2025-04-29,ciflorette,7.25,,parcelle_2,10.0,0.725,1,0.3333333333333333,1.0,1,0.7,0.0,11.8,21.2,17.0,949.0,2.9,6.5,0.0,119,6624
2025-04-30,ciflorette,17.75,,parcelle_2,10.0,1.775,2,0.3333333333333333,1.0,1,0.725,0.0,10.5,24.0,17.6,1159.0,2.2,3.8,0.0,120,6624
2025-05-02,ciflorette,14.75,,parcelle_2,10.0,1.475,4,0.5,2.0,2,1.775,0.0,11.4,23.9,18.7,929.0,2.4,4.5,0.0,122,6624
2025-05-05,ciflorette,11.0,,parcelle_2,10.0,1.1,0,0.3333333333333333,3.0,3,1.475,0.0,13.9,22.0,17.2,1405.0,4.8,9.4,0.0,125,6624
2025-05-06,ciflorette,11.5,,parcelle_2,10.0,1.15,1,0.3333333333333333,1.0,1,1.1,0.0,8.7,19.6,14.7,1203.0,4.7,10.5,0.0,126,6624
2025-05-07,ciflorette,21.25,,parcelle_2,10.0,2.125,2,0.3333333333333333,1.0,1,1.15,0.0,7.3,18.7,14.1,1403.0,4.8,10.4,0.0,127,6624
2025-05-09,ciflorette,10.5,,parcelle_2,10.0,1.05,4,0.5,2.0,2,2.125,0.0,8.7,20.4,15.4,1531.0,2.4,5.2,0.0,129,6624
2025-05-13,ciflorette,16.5,,parcelle_2,10.0,1.65,1,0.3333333333333333,4.0,4,1.05,0.2,8.8,20.6,16.2,1310.0,3.0,7.3,0.0,133,6624
2025-05-14,ciflorette,13.25,,parcelle_2,10.0,1.325,2,0.3333333333333333,1.0,1,1.65,0.0,10.8,21.7,16.7,949.0,2.7,6.4,0.0,134,6624
2025-05-15,ciflorette,13.0,,parcelle_2,10.0,1.3,3,0.5,1.0,1,1.325,0.0,10.7,23.5,18.2,1442.0,3.3,6.9,0.0,135,6624
2025-05-16,ciflorette,31.0,,parcelle_2,10.0,3.1,4,0.5,1.0,1,1.3,0.8,13.0,21.7,17.8,741.0,3.4,7.6,0.0,136,6624
2025-05-19,ciflorette,25.0,,parcelle_2,10.0,2.5,0,0.3333333333333333,3.0,3,3.1,1.4,12.5,22.7,18.5,1951.0,3.4,7.9,0.0,139,6624
2025-05-20,ciflorette,12.0,,parcelle_2,10.0,1.2,1,0.3333333333333333,1.0,1,2.5,12.7,15.7,22.7,17.9,838.0,2.9,7.0,0.0,140,6624
2025-05-21,ciflorette,15.0,,parcelle_2,10.0,1.5,2,0.3333333333333333,1.0,1,1.2,0.0,11.7,25.1,19.9,1504.0,5.2,11.1,0.0,141,6624
2025-05-22,ciflorette,35.0,,parcelle_2,10.0,3.5,3,0.5,1.0,1,1.5,0.0,16.3,23.1,19.2,1738.0,7.1,11.4,0.0,142,6624
2025-05-23,ciflorette,40.0,,parcelle_2,10.0,4.0,4,0.5,1.0,1,3.5,0.0,12.5,23.0,18.1,948.0,2.8,6.0,0.0,143,6624
2025-05-26,ciflorette,3.0,,parcelle_2,10.0,0.3,0,0.3333333333333333,3.0,3,4.0,0.0,12.9,27.2,20.2,1215.0,3.0,9.6,0.0,146,6624
2025-05-27,ciflorette,68.75,,parcelle_2,10.0,6.875,1,0.3333333333333333,1.0,1,0.3,0.0,11.8,24.0,19.1,1051.0,2.6,6.6,0.0,147,6624
2025-05-28,ciflorette,80.0,,parcelle_2,10.0,8.0,2,0.3333333333333333,1.0,1,6.875,0.0,13.6,28.2,23.1,1550.0,5.2,11.1,0.0,148,6624
2025-05-29,ciflorette,103.75,,parcelle_2,10.0,10.375,3,0.5,1.0,1,8.0,0.0,21.5,28.0,23.1,116.0,3.6,10.0,0.0,149,6624
2025-06-02,ciflorette,120.0,,parcelle_2,10.0,12.0,0,0.3333333333333333,4.0,3,10.375,0.2,16.3,26.8,21.3,1146.0,2.7,5.9,0.0,153,6624
2025-06-03,ciflorette,105.0,,parcelle_2,10.0,10.5,1,0.3333333333333333,1.0,1,12.0,0.0,16.7,25.4,21.9,1042.0,4.6,8.9,0.0,154,6624
2025-06-04,ciflorette,31.75,,parcelle_2,10.0,3.175,2,0.3333333333333333,1.0,1,10.5,0.0,20.5,25.0,21.7,403.0,4.7,8.8,0.0,155,6624
2025-06-05,ciflorette,69.25,,parcelle_2,10.0,6.925,3,0.5,1.0,1,3.175,0.2,16.0,24.9,20.8,1258.0,3.2,6.5,0.0,156,6624
2025-06-06,ciflorette,65.0,,parcelle_2,10.0,6.5,4,0.5,1.0,1,6.925,0.0,15.0,25.0,20.7,1204.0,3.7,8.1,0.0,157,6624
2025-06-07,ciflorette,55.25,,parcelle_2,10.0,5.525,5,0.5,1.0,1,6.5,0.2,14.4,25.6,21.4,1604.0,3.4,7.6,0.0,158,6624
2025-06-09,ciflorette,70.25,,parcelle_2,10.0,7.025,0,0.3333333333333333,2.0,2,5.525,0.0,14.0,26.9,21.3,1244.0,2.4,5.8,0.0,160,6624
2025-06-10,ciflorette,69.75,,parcelle_2,10.0,6.975,1,0.3333333333333333,1.0,1,7.025,0.0,16.2,29.2,23.8,1710.0,3.5,8.5,0.0,161,6624
2025-06-11,ciflorette,37.75,,parcelle_2,10.0,3.775,2,0.3333333333333333,1.0,1,6.975,0.2,12.5,27.6,21.6,1924.0,2.5,4.9,0.0,162,6624
2025-06-12,ciflorette,41.5,,parcelle_2,10.0,4.15,3,0.5,1.0,1,3.775,0.0,15.7,26.0,21.4,912.0,2.7,6.0,0.0,163,6624
2025-06-13,ciflorette,23.0,,parcelle_2,10.0,2.3,4,0.5,1.0,1,4.15,0.2,15.1,29.4,22.4,1551.0,2.0,5.0,0.0,164,6624
2025-06-16,ciflorette,50.5,,parcelle_2,10.0,5.05,0,0.3333333333333333,3.0,2,2.3,0.0,21.6,33.5,27.1,1502.0,3.3,7.3,0.0,167,6624
2025-06-17,ciflorette,13.0,,parcelle_2,10.0,1.3,1,0.3333333333333333,1.0,1,5.05,0.0,17.6,28.1,23.8,1143.0,3.2,8.1,0.0,168,6624
2025-06-18,ciflorette,26.25,,parcelle_2,10.0,2.625,2,0.3333333333333333,1.0,1,1.3,0.0,19.0,31.1,25.1,1612.0,2.9,5.4,0.0,169,6624
2025-06-19,ciflorette,41.5,,parcelle_2,10.0,4.15,3,0.5,1.0,1,2.625,0.0,19.2,31.7,26.5,1707.0,3.1,7.8,0.0,170,6624
2025-06-20,ciflorette,19.75,,parcelle_2,10.0,1.975,4,0.5,1.0,1,4.15,0.0,16.9,31.0,24.9,1514.0,2.6,6.1,0.0,171,6624
2025-06-21,ciflorette,24.5,,parcelle_2,10.0,2.45,5,0.5,1.0,1,1.975,0.2,18.7,30.4,25.0,1830.0,2.7,5.7,0.0,172,6624
2025-06-23,ciflorette,22.5,,parcelle_2,10.0,2.25,0,0.3333333333333333,2.0,2,2.45,0.0,19.1,29.3,25.3,1405.0,3.8,9.3,0.0,174,6624
2025-06-24,ciflorette,34.75,,parcelle_2,10.0,3.475,1,0.3333333333333333,1.0,1,2.25,0.2,19.6,29.2,25.4,1310.0,2.9,6.6,0.0,175,6624
2025-06-25,ciflorette,14.75,,parcelle_2,10.0,1.475,2,0.3333333333333333,1.0,1,3.475,0.2,20.0,29.6,25.3,946.0,3.6,7.6,0.0,176,6624
2025-06-26,ciflorette,9.25,,parcelle_2,10.0,0.925,3,0.5,1.0,1,1.475,0.0,20.6,34.3,27.9,1036.0,3.7,8.8,0.0,177,6624
2025-06-30,ciflorette,18.75,,parcelle_2,10.0,1.875,0,0.3333333333333333,4.0,3,0.925,0.0,19.8,33.2,27.8,1403.0,2.9,5.9,0.0,181,6624
2025-07-01,ciflorette,13.75,,parcelle_2,10.0,1.375,1,0.3333333333333333,1.0,1,1.875,0.0,23.6,33.6,28.7,1257.0,2.7,5.4,0.0,182,6624
2025-07-02,ciflorette,7.5,,parcelle_2,10.0,0.75,2,0.3333333333333333,1.0,1,1.375,0.0,22.6,32.8,28.2,1132.0,2.5,4.9,0.0,183,6624
2025-07-03,ciflorette,4.75,,parcelle_2,10.0,0.475,3,0.5,1.0,1,0.75,0.0,21.8,33.2,28.0,1029.0,2.7,5.7,0.0,184,6624
2023-03-14,dream,0.5,,parcelle_2,10.0,0.05,1,0.3333333333333333,0.0,1,,0.0,12.9,18.6,15.4,1432.0,8.8,13.4,0.0,73,5488
2023-03-17,dream,13.5,,parcelle_2,10.0,1.35,4,0.5,3.0,1,0.05,0.0,6.2,15.8,10.9,953.0,3.6,7.5,0.0,76,5488
2023-03-20,dream,7.5,,parcelle_2,10.0,0.75,0,0.3333333333333333,3.0,3,1.35,0.2,4.5,16.8,11.3,1644.0,2.1,4.3,0.0,79,5488
2023-03-22,dream,6.5,,parcelle_2,10.0,0.65,2,0.3333333333333333,2.0,2,0.75,0.0,5.2,17.5,11.9,1519.0,1.8,4.3,0.0,81,5488
2023-03-27,dream,22.0,,parcelle_2,10.0,2.2,0,0.3333333333333333,5.0,3,0.65,0.0,12.4,20.0,14.7,1458.0,8.3,12.2,0.0,86,5488
2023-03-28,dream,20.0,,parcelle_2,10.0,2.0,1,0.3333333333333333,1.0,1,2.2,0.0,6.2,16.4,11.3,100.0,2.6,6.2,0.0,87,5488
2023-03-29,dream,16.5,,parcelle_2,10.0,1.65,2,0.3333333333333333,1.0,1,2.0,0.0,3.4,16.6,11.8,1413.0,3.0,8.1,0.0,88,5488
2023-03-30,dream,25.0,,parcelle_2,10.0,2.5,3,0.5,1.0,1,1.65,0.0,9.2,17.3,13.0,1241.0,2.1,4.6,0.0,89,5488
2023-03-31,dream,61.5,,parcelle_2,10.0,6.15,4,0.5,1.0,1,2.5,0.0,8.8,18.2,14.6,2101.0,6.1,13.2,0.0,90,5488
2023-04-03,dream,71.0,,parcelle_2,10.0,7.1,0,0.3333333333333333,3.0,3,6.15,0.0,10.5,20.7,14.6,1645.0,4.2,8.2,0.0,93,5488
2023-04-04,dream,19.5,,parcelle_2,10.0,1.95,1,0.3333333333333333,1.0,1,7.1,3.4,9.4,13.6,10.6,313.0,3.6,10.6,0.0,94,5488
2023-04-05,dream,60.5,,parcelle_2,10.0,6.05,2,0.3333333333333333,1.0,1,1.95,0.0,3.3,15.8,10.0,1204.0,2.7,4.9,0.0,95,5488
2023-04-06,dream,27.5,,parcelle_2,10.0,2.75,3,0.5,1.0,1,6.05,0.0,6.2,16.6,11.5,1649.0,3.2,7.0,0.0,96,5488
2023-04-07,dream,60.0,,parcelle_2,10.0,6.0,4,0.5,1.0,1,2.75,0.0,4.3,19.7,13.1,1348.0,4.8,12.3,0.0,97,5488
2023-04-08,dream,104.0,,parcelle_2,10.0,10.4,5,0.5,1.0,1,6.0,0.2,4.2,16.4,11.7,1414.0,3.7,9.8,0.0,98,5488
2023-04-10,dream,53.5,,parcelle_2,10.0,5.35,0,0.3333333333333333,2.0,2,10.4,0.0,5.2,17.7,12.8,1219.0,2.4,6.6,0.0,100,5488
2023-04-11,dream,37.5,,parcelle_2,10.0,3.75,1,0.3333333333333333,1.0,1,5.35,0.0,8.2,23.3,16.2,1557.0,5.8,12.3,0.0,101,5488
2023-04-12,dream,72.5,,parcelle_2,10.0,7.25,2,0.3333333333333333,1.0,1,3.75,0.2,13.3,19.2,16.0,1408.0,4.5,8.6,0.0,102,5488
2023-04-13,dream,18.0,,parcelle_2,10.0,1.8,3,0.5,1.0,1,7.25,0.0,11.3,18.1,14.3,1348.0,7.7,13.2,0.0,103,5488
2023-04-14,dream,95.0,,parcelle_2,10.0,9.5,4,0.5,1.0,1,1.8,0.0,10.6,17.6,14.0,1417.0,8.2,13.9,0.0,104,5488
2023-04-15,dream,78.0,,parcelle_2,10.0,7.8,5,0.5,1.0,1,9.5,0.0,12.5,20.4,15.5,1216.0,7.9,14.7,0.0,105,5488
2023-04-17,dream,41.5,,parcelle_2,10.0,4.15,0,0.3333333333333333,2.0,2,7.8,0.0,8.7,20.5,15.1,1225.0,2.0,4.0,0.0,107,5488
2023-04-18,dream,5.5,,parcelle_2,10.0,0.55,1,0.3333333333333333,1.0,1,4.15,0.0,7.7,21.2,14.9,1406.0,2.7,5.1,0.0,108,5488
2023-04-19,dream,79.0,,parcelle_2,10.0,7.9,2,0.3333333333333333,1.0,1,0.55,0.0,7.0,19.9,14.8,1215.0,2.8,7.8,0.0,109,5488
2023-04-20,dream,39.0,,parcelle_2,10.0,3.9,3,0.5,1.0,1,7.9,0.0,6.5,18.6,13.7,1258.0,3.1,7.3,0.0,110,5488
2023-04-21,dream,84.0,,parcelle_2,10.0,8.4,4,0.5,1.0,1,3.9,0.2,9.0,18.3,13.9,1139.0,3.2,6.3,0.0,111,5488
2023-04-22,dream,50.0,,parcelle_2,10.0,5.0,5,0.5,1.0,1,8.4,0.0,7.3,19.0,14.0,1023.0,2.3,4.5,0.0,112,5488
2023-04-24,dream,50.5,,parcelle_2,10.0,5.05,0,0.3333333333333333,2.0,2,5.0,0.0,14.1,23.9,18.3,1635.0,7.8,13.0,0.0,114,5488
2023-04-25,dream,30.5,,parcelle_2,10.0,3.05,1,0.3333333333333333,1.0,1,5.05,0.0,14.9,24.3,19.0,1214.0,7.0,12.0,0.0,115,5488
2023-04-26,dream,75.0,,parcelle_2,10.0,7.5,2,0.3333333333333333,1.0,1,3.05,0.0,11.4,21.4,16.7,1620.0,2.7,5.2,0.0,116,5488
2023-04-27,dream,58.5,,parcelle_2,10.0,5.85,3,0.5,1.0,1,7.5,0.0,9.3,20.4,15.1,1043.0,2.3,5.8,0.0,117,5488
2023-04-28,dream,55.5,,parcelle_2,10.0,5.55,4,0.5,1.0,1,5.85,0.0,9.5,20.6,15.4,1612.0,2.7,6.3,0.0,118,5488
2023-04-29,dream,74.5,,parcelle_2,10.0,7.45,5,0.5,1.0,1,5.55,0.6,11.7,20.4,16.5,1316.0,2.7,6.7,0.0,119,5488
2023-05-01,dream,21.5,,parcelle_2,10.0,2.15,0,0.3333333333333333,2.0,2,7.45,4.2,11.1,22.3,15.2,1355.0,2.2,8.0,0.0,121,5488
2023-05-02,dream,44.0,,parcelle_2,10.0,4.4,1,0.3333333333333333,1.0,1,2.15,0.2,9.1,22.4,16.3,1319.0,3.0,6.7,0.0,122,5488
2023-05-03,dream,52.0,,parcelle_2,10.0,5.2,2,0.3333333333333333,1.0,1,4.4,0.0,9.4,22.8,17.3,1300.0,2.9,7.2,0.0,123,5488
2023-05-04,dream,44.5,,parcelle_2,10.0,4.45,3,0.5,1.0,1,5.2,0.0,10.3,23.8,18.1,1548.0,2.3,5.3,0.0,124,5488
2023-05-05,dream,32.0,,parcelle_2,10.0,3.2,4,0.5,1.0,1,4.45,0.0,9.0,22.3,17.1,1517.0,2.8,7.8,0.0,125,5488
2023-05-06,dream,32.5,,parcelle_2,10.0,3.25,5,0.5,1.0,1,3.2,0.2,8.7,22.2,16.8,1152.0,2.1,4.8,0.0,126,5488
2023-05-08,dream,21.5,,parcelle_2,10.0,2.15,0,0.3333333333333333,2.0,2,3.25,0.0,11.4,24.3,18.4,1446.0,1.9,4.5,0.0,128,5488
2023-05-09,dream,28.5,,parcelle_2,10.0,2.85,1,0.3333333333333333,1.0,1,2.15,3.8,12.2,21.8,17.8,1633.0,2.6,7.4,0.0,129,5488
2023-05-10,dream,25.0,,parcelle_2,10.0,2.5,2,0.3333333333333333,1.0,1,2.85,0.0,16.1,25.8,20.8,524.0,5.8,10.9,0.0,130,5488
2023-05-11,dream,28.5,,parcelle_2,10.0,2.85,3,0.5,1.0,1,2.5,0.0,12.7,24.6,18.4,1544.0,4.0,10.6,0.0,131,5488
2023-05-12,dream,48.0,,parcelle_2,10.0,4.8,4,0.5,1.0,1,2.85,0.0,10.0,21.4,15.4,1323.0,3.3,8.2,0.0,132,5488
2023-05-15,dream,14.5,,parcelle_2,10.0,1.45,0,0.3333333333333333,3.0,3,4.8,1.0,9.7,23.1,17.3,2036.0,3.2,7.1,0.0,135,5488
2023-05-16,dream,26.5,,parcelle_2,10.0,2.65,1,0.3333333333333333,1.0,1,1.45,0.2,15.1,26.8,20.0,1619.0,4.1,8.2,0.0,136,5488
2023-05-17,dream,45.0,,parcelle_2,10.0,4.5,2,0.3333333333333333,1.0,1,2.65,0.0,16.0,23.1,18.7,713.0,3.0,5.4,0.0,137,5488
2023-05-19,dream,64.5,,parcelle_2,10.0,6.45,4,0.5,2.0,2,4.5,0.4,15.0,20.1,17.1,1431.0,3.0,6.0,0.0,139,5488
2023-05-22,dream,27.0,,parcelle_2,10.0,2.7,0,0.3333333333333333,3.0,3,6.45,0.0,14.4,25.1,20.5,1127.0,2.2,5.0,0.0,142,5488
2023-05-23,dream,14.5,,parcelle_2,10.0,1.45,1,0.3333333333333333,1.0,1,2.7,0.0,14.5,25.8,21.0,1156.0,2.2,6.8,0.0,143,5488
2023-05-24,dream,8.0,,parcelle_2,10.0,0.8,2,0.3333333333333333,1.0,1,1.45,0.2,14.3,23.0,19.7,925.0,2.5,5.5,0.0,144,5488
2023-05-25,dream,10.0,,parcelle_2,10.0,1.0,3,0.5,1.0,1,0.8,15.5,16.2,22.1,18.5,1209.0,3.0,7.3,0.0,145,5488
2023-05-26,dream,36.0,,parcelle_2,10.0,3.6,4,0.5,1.0,1,1.0,0.0,14.9,25.4,21.1,1455.0,3.2,7.5,0.0,146,5488
2023-05-29,dream,26.5,,parcelle_2,10.0,2.65,0,0.3333333333333333,3.0,3,3.6,0.0,14.2,25.6,21.1,1313.0,3.2,6.1,0.0,149,5488
2023-05-30,dream,6.5,,parcelle_2,10.0,0.65,1,0.3333333333333333,1.0,1,2.65,0.0,18.4,26.7,23.0,925.0,3.3,6.1,0.0,150,5488
2023-05-31,dream,24.5,,parcelle_2,10.0,2.45,2,0.3333333333333333,1.0,1,0.65,0.6,17.4,23.6,20.0,959.0,2.4,5.8,0.0,151,5488
2023-06-01,dream,16.5,,parcelle_2,10.0,1.65,3,0.5,1.0,1,2.45,0.0,14.8,24.8,20.2,1102.0,2.6,6.3,0.0,152,5488
2023-06-02,dream,25.0,,parcelle_2,10.0,2.5,4,0.5,1.0,1,1.65,0.0,14.9,24.0,20.2,1102.0,2.9,6.4,0.0,153,5488
2023-06-05,dream,13.5,,parcelle_2,10.0,1.35,0,0.3333333333333333,3.0,3,2.5,0.0,15.7,24.6,20.8,1157.0,2.4,5.4,0.0,156,5488
2023-06-06,dream,16.5,,parcelle_2,10.0,1.65,1,0.3333333333333333,1.0,1,1.35,0.0,16.5,24.9,21.4,1459.0,3.9,8.7,0.0,157,5488
2023-06-07,dream,24.0,,parcelle_2,10.0,2.4,2,0.3333333333333333,1.0,1,1.65,0.0,16.8,25.7,21.6,1513.0,3.0,6.0,0.0,158,5488
2023-06-08,dream,25.0,,parcelle_2,10.0,2.5,3,0.5,1.0,1,2.4,0.0,16.5,25.8,21.6,1528.0,2.2,5.5,0.0,159,5488
2023-06-09,dream,18.0,,parcelle_2,10.0,1.8,4,0.5,1.0,1,2.5,0.0,17.6,24.9,21.3,1424.0,2.5,5.9,0.0,160,5488
2023-06-12,dream,8.5,,parcelle_2,10.0,0.85,0,0.3333333333333333,3.0,3,1.8,0.0,17.7,27.1,22.9,849.0,2.6,5.2,0.0,163,5488
2023-06-13,dream,22.0,,parcelle_2,10.0,2.2,1,0.3333333333333333,1.0,1,0.85,4.6,18.2,26.9,22.1,1340.0,2.9,5.5,0.0,164,5488
2023-06-14,dream,25.5,,parcelle_2,10.0,2.55,2,0.3333333333333333,1.0,1,2.2,4.6,18.5,26.6,21.2,1729.0,2.1,4.7,0.0,165,5488
2023-06-15,dream,13.0,,parcelle_2,10.0,1.3,3,0.5,1.0,1,2.55,0.0,16.9,27.8,22.6,1416.0,2.6,5.3,0.0,166,5488
2023-06-16,dream,19.0,,parcelle_2,10.0,1.9,4,0.5,1.0,1,1.3,0.0,15.2,27.9,22.8,1645.0,2.6,6.4,0.0,167,5488
2023-06-19,dream,15.0,,parcelle_2,10.0,1.5,0,0.3333333333333333,3.0,3,1.9,0.0,18.1,27.8,23.8,1523.0,3.7,7.5,0.0,170,5488
2023-06-20,dream,15.5,,parcelle_2,10.0,1.55,1,0.3333333333333333,1.0,1,1.5,0.0,21.4,29.2,25.5,1047.0,5.5,10.1,0.0,171,5488
2023-06-21,dream,16.0,,parcelle_2,10.0,1.6,2,0.3333333333333333,1.0,1,1.55,0.2,22.0,30.3,26.2,1221.0,4.8,8.5,0.0,172,5488
2023-06-22,dream,15.0,,parcelle_2,10.0,1.5,3,0.5,1.0,1,1.6,0.0,22.4,29.5,25.8,1227.0,3.5,9.7,0.0,173,5488
2023-06-23,dream,11.0,,parcelle_2,10.0,1.1,4,0.5,1.0,1,1.5,0.0,20.4,33.9,27.6,914.0,3.2,6.9,0.0,174,5488
2023-06-24,dream,11.0,,parcelle_2,10.0,1.1,5,0.5,1.0,1,1.1,0.0,17.7,30.5,25.5,1332.0,2.0,5.0,0.0,175,5488
2023-06-26,dream,6.0,,parcelle_2,10.0,0.6,0,0.3333333333333333,2.0,2,1.1,0.0,16.8,31.2,24.9,959.0,1.9,5.0,0.0,177,5488
2023-06-28,dream,20.5,,parcelle_2,10.0,2.05,2,0.3333333333333333,2.0,1,0.6,0.0,18.2,29.0,24.8,1133.0,2.5,5.6,0.0,179,5488
2023-06-29,dream,22.0,,parcelle_2,10.0,2.2,3,0.5,1.0,1,2.05,6.1,19.6,30.2,25.6,2308.0,2.2,5.2,0.0,180,5488
2023-06-30,dream,17.5,,parcelle_2,10.0,1.75,4,0.5,1.0,1,2.2,0.0,20.8,28.1,24.8,1021.0,5.3,11.1,0.0,181,5488
2023-07-01,dream,2.543,,parcelle_2,10.0,0.2543,5,0.5,1.0,1,1.75,0.0,17.7,31.5,25.7,1404.0,5.9,10.8,0.0,182,5488
2023-07-02,dream,0.952,,parcelle_2,10.0,0.09519999999999999,6,0.0,1.0,1,0.2543,0.0,22.5,32.7,26.5,14.0,4.5,10.6,0.0,183,5488
2023-07-03,dream,19.83,,parcelle_2,10.0,1.9829999999999999,0,0.3333333333333333,1.0,1,0.09519999999999999,0.0,19.1,31.5,26.0,1450.0,4.5,8.7,0.0,184,5488
2023-07-04,dream,14.281,,parcelle_2,10.0,1.4281000000000001,1,0.3333333333333333,1.0,1,1.9829999999999999,0.0,16.3,29.4,25.2,1658.0,3.9,10.4,0.0,185,5488
2023-07-06,dream,8.427,,parcelle_2,10.0,0.8427,3,0.5,2.0,1,1.4281000000000001,0.0,18.7,30.3,24.8,1442.0,2.9,6.8,0.0,187,5488
2023-07-07,dream,4.381,,parcelle_2,10.0,0.43810000000000004,4,0.5,1.0,1,0.8427,0.0,21.9,30.0,26.8,1135.0,4.2,8.4,0.0,188,5488
2023-07-08,dream,1.658,,parcelle_2,10.0,0.1658,5,0.5,1.0,1,0.43810000000000004,0.0,25.2,32.0,28.2,732.0,5.1,8.7,0.0,189,5488
2023-07-09,dream,0.28,,parcelle_2,10.0,0.028000000000000004,6,0.0,1.0,1,0.1658,0.0,19.5,31.1,25.9,1238.0,3.2,8.2,0.0,190,5488
2023-07-10,dream,0.505,,parcelle_2,10.0,0.0505,0,0.3333333333333333,1.0,1,0.028000000000000004,0.0,18.7,33.5,26.8,1259.0,2.2,5.1,0.0,191,5488
2023-07-11,dream,3.234,,parcelle_2,10.0,0.3234,1,0.3333333333333333,1.0,1,0.0505,0.0,19.9,29.7,25.7,1239.0,3.1,6.7,0.0,192,5488
2023-07-12,dream,1.694,,parcelle_2,10.0,0.1694,2,0.3333333333333333,1.0,1,0.3234,0.0,21.3,29.7,26.2,1257.0,3.2,8.8,0.0,193,5488
2023-07-13,dream,4.034,,parcelle_2,10.0,0.4034,3,0.5,1.0,1,0.1694,0.0,22.4,35.9,29.1,1313.0,4.1,11.3,0.0,194,5488
2023-07-14,dream,8.669,,parcelle_2,10.0,0.8669,4,0.5,1.0,1,0.4034,0.0,16.4,31.2,25.1,1550.0,2.9,5.9,0.0,195,5488
2023-07-15,dream,1.17,,parcelle_2,10.0,0.11699999999999999,5,0.5,1.0,1,0.8669,0.0,18.3,29.8,25.2,1345.0,3.6,8.3,0.0,196,5488
2023-07-16,dream,2.903,,parcelle_2,10.0,0.2903,6,0.0,1.0,1,0.11699999999999999,0.0,19.6,30.6,26.2,1012.0,2.5,4.7,0.0,197,5488
2023-07-17,dream,4.584,,parcelle_2,10.0,0.4584,0,0.3333333333333333,1.0,1,0.2903,0.0,21.1,31.1,26.6,1605.0,2.9,7.9,0.0,198,5488
2023-07-19,dream,0.536,,parcelle_2,10.0,0.0536,2,0.3333333333333333,2.0,2,0.4584,0.0,20.7,36.5,29.0,1629.0,3.4,8.4,0.0,200,5488
2024-03-08,dream,20.0,,parcelle_2,10.0,2.0,4,0.5,233.0,233,0.0536,8.3,5.5,13.2,10.4,1043.0,5.6,11.4,0.0,68,9072
2024-03-14,dream,43.0,,parcelle_2,10.0,4.3,3,0.5,6.0,3,2.0,0.0,6.7,16.8,12.0,1109.0,2.1,4.2,0.0,74,9072
2024-03-15,dream,46.0,,parcelle_2,10.0,4.6,4,0.5,1.0,1,4.3,0.2,5.6,16.5,11.7,1240.0,3.2,10.3,0.0,75,9072
2024-03-18,dream,87.0,,parcelle_2,10.0,8.7,0,0.3333333333333333,3.0,3,4.6,0.2,12.2,22.2,15.6,1233.0,3.2,8.6,0.0,78,9072
2024-03-19,dream,49.0,,parcelle_2,10.0,4.9,1,0.3333333333333333,1.0,1,8.7,0.2,8.2,18.9,13.7,1346.0,2.0,4.7,0.0,79,9072
2024-03-20,dream,73.0,,parcelle_2,10.0,7.3,2,0.3333333333333333,1.0,1,4.9,0.2,8.6,18.4,13.5,1210.0,2.0,6.2,0.0,80,9072
2024-03-21,dream,107.5,,parcelle_2,10.0,10.75,3,0.5,1.0,1,7.3,0.2,7.2,20.2,14.0,1121.0,3.8,10.0,0.0,81,9072
2024-03-22,dream,130.5,,parcelle_2,10.0,13.05,4,0.5,1.0,1,10.75,0.2,7.9,18.3,13.5,1040.0,2.0,4.7,0.0,82,9072
2024-03-25,dream,166.0,,parcelle_2,10.0,16.6,0,0.3333333333333333,3.0,3,13.05,0.6,7.1,15.8,12.4,2324.0,6.7,11.5,0.0,85,9072
2024-03-26,dream,47.0,,parcelle_2,10.0,4.7,1,0.3333333333333333,1.0,1,16.6,24.4,10.9,13.0,11.8,746.0,9.1,13.9,0.0,86,9072
2024-03-27,dream,218.0,,parcelle_2,10.0,21.8,2,0.3333333333333333,1.0,1,4.7,0.2,9.1,15.1,11.5,47.0,5.5,11.0,0.0,87,9072
2024-03-28,dream,155.75,,parcelle_2,10.0,15.575,3,0.5,1.0,1,21.8,0.0,7.2,19.5,14.8,1159.0,3.6,11.3,0.0,88,9072
2024-03-29,dream,200.75,,parcelle_2,10.0,20.075,4,0.5,1.0,1,15.575,0.0,11.7,18.4,16.0,1451.0,6.3,10.4,0.0,89,9072
2024-03-30,dream,143.0,,parcelle_2,10.0,14.3,5,0.5,1.0,1,20.075,13.3,15.1,17.4,15.7,601.0,6.2,10.9,0.0,90,9072
2024-04-01,dream,155.5,,parcelle_2,10.0,15.55,0,0.3333333333333333,2.0,2,14.3,0.0,10.4,17.1,13.4,1058.0,5.7,10.9,0.0,92,9072
2024-04-02,dream,149.5,,parcelle_2,10.0,14.95,1,0.3333333333333333,1.0,1,15.55,0.0,5.6,19.3,13.4,1332.0,5.1,13.8,0.0,93,9072
2024-04-03,dream,87.0,,parcelle_2,10.0,8.7,2,0.3333333333333333,1.0,1,14.95,0.0,10.4,19.6,15.3,1503.0,3.8,9.1,0.0,94,9072
2024-04-04,dream,94.0,,parcelle_2,10.0,9.4,3,0.5,1.0,1,8.7,0.0,10.8,20.8,15.5,8.0,3.0,6.9,0.0,95,9072
2024-04-05,dream,164.0,,parcelle_2,10.0,16.4,4,0.5,1.0,1,9.4,0.2,8.6,18.2,13.2,1042.0,2.5,5.0,0.0,96,9072
2024-04-06,dream,91.5,,parcelle_2,10.0,9.15,5,0.5,1.0,1,16.4,0.2,7.5,18.2,13.5,1224.0,2.9,7.4,0.0,97,9072
2024-04-08,dream,118.0,,parcelle_2,10.0,11.8,0,0.3333333333333333,2.0,2,9.15,0.2,10.0,20.9,16.5,1338.0,3.5,7.9,0.0,99,9072
2024-04-09,dream,30.5,,parcelle_2,10.0,3.05,1,0.3333333333333333,1.0,1,11.8,0.4,14.5,18.3,15.8,2138.0,4.9,11.2,0.0,100,9072
2024-04-10,dream,41.0,,parcelle_2,10.0,4.1,2,0.3333333333333333,1.0,1,3.05,0.0,11.4,21.5,14.9,116.0,4.7,11.5,0.0,101,9072
2024-04-11,dream,46.5,,parcelle_2,10.0,4.65,3,0.5,1.0,1,4.1,0.0,10.7,20.8,15.8,1253.0,2.7,6.0,0.0,102,9072
2024-04-12,dream,36.5,,parcelle_2,10.0,3.65,4,0.5,1.0,1,4.65,0.2,10.7,24.6,17.2,1313.0,2.1,5.2,0.0,103,9072
2024-04-13,dream,39.0,,parcelle_2,10.0,3.9,5,0.5,1.0,1,3.65,0.0,9.4,24.1,17.7,1134.0,1.5,3.3,0.0,104,9072
2024-04-15,dream,47.5,,parcelle_2,10.0,4.75,0,0.3333333333333333,2.0,2,3.9,0.0,9.1,25.1,18.1,1615.0,4.5,9.0,0.0,106,9072
2024-04-16,dream,30.5,,parcelle_2,10.0,3.05,1,0.3333333333333333,1.0,1,4.75,0.0,15.2,20.9,17.1,2039.0,10.2,16.3,0.0,107,9072
2024-04-17,dream,24.5,,parcelle_2,10.0,2.45,2,0.3333333333333333,1.0,1,3.05,0.0,11.5,19.3,15.0,1600.0,9.8,14.5,0.0,108,9072
2024-04-18,dream,32.0,,parcelle_2,10.0,3.2,3,0.5,1.0,1,2.45,0.0,10.3,17.7,12.8,1031.0,6.1,12.0,0.0,109,9072
2024-04-19,dream,16.0,,parcelle_2,10.0,1.6,4,0.5,1.0,1,3.2,0.0,7.4,21.6,14.9,1905.0,5.7,12.3,0.0,110,9072
2024-04-20,dream,38.0,,parcelle_2,10.0,3.8,5,0.5,1.0,1,1.6,0.0,13.2,21.7,16.5,954.0,6.0,11.8,0.0,111,9072
2024-04-22,dream,25.0,,parcelle_2,10.0,2.5,0,0.3333333333333333,2.0,2,3.8,0.0,7.7,17.5,11.2,1602.0,4.3,8.4,0.0,113,9072
2024-04-23,dream,15.0,,parcelle_2,10.0,1.5,1,0.3333333333333333,1.0,1,2.5,2.8,3.4,16.1,10.0,1408.0,3.4,8.8,0.0,114,9072
2024-04-24,dream,15.5,,parcelle_2,10.0,1.55,2,0.3333333333333333,1.0,1,1.5,0.0,6.7,18.9,13.3,2058.0,5.2,9.3,0.0,115,9072
2024-04-25,dream,19.0,,parcelle_2,10.0,1.9,3,0.5,1.0,1,1.55,0.0,8.6,17.5,13.3,1300.0,5.8,10.8,0.0,116,9072
2024-04-26,dream,31.0,,parcelle_2,10.0,3.1,4,0.5,1.0,1,1.9,45.8,8.2,13.1,10.4,1027.0,2.4,5.1,0.0,117,9072
2024-04-29,dream,30.5,,parcelle_2,10.0,3.05,0,0.3333333333333333,3.0,3,3.1,0.0,10.3,21.3,17.8,1450.0,4.7,9.1,0.0,120,9072
2024-04-30,dream,41.5,,parcelle_2,10.0,4.15,1,0.3333333333333333,1.0,1,3.05,1.6,16.3,21.2,17.9,1241.0,4.8,7.9,0.0,121,9072
2024-05-02,dream,33.0,,parcelle_2,10.0,3.3,3,0.5,2.0,2,4.15,1.4,11.4,14.6,12.9,1743.0,6.9,11.0,0.0,123,9072
2024-05-03,dream,26.5,,parcelle_2,10.0,2.65,4,0.5,1.0,1,3.3,0.0,11.7,19.1,15.8,1639.0,7.6,12.9,0.0,124,9072
2024-05-06,dream,43.0,,parcelle_2,10.0,4.3,0,0.3333333333333333,3.0,3,2.65,0.4,11.2,19.4,15.7,852.0,3.3,6.8,0.0,127,9072
2024-05-07,dream,35.0,,parcelle_2,10.0,3.5,1,0.3333333333333333,1.0,1,4.3,0.0,13.1,20.9,16.9,1501.0,5.1,12.4,0.0,128,9072
2024-05-10,dream,58.5,,parcelle_2,10.0,5.85,4,0.5,3.0,3,3.5,0.0,13.7,23.2,18.8,1033.0,2.6,5.4,0.0,131,9072
2024-05-13,dream,35.0,,parcelle_2,10.0,3.5,0,0.3333333333333333,3.0,3,5.85,0.2,12.4,22.0,17.6,1235.0,2.7,6.7,0.0,134,9072
2024-05-14,dream,34.0,,parcelle_2,10.0,3.4,1,0.3333333333333333,1.0,1,3.5,12.2,13.3,21.2,16.9,1626.0,4.2,9.0,0.0,135,9072
2024-05-16,dream,32.0,,parcelle_2,10.0,3.2,3,0.5,2.0,2,3.4,0.0,14.3,21.4,17.5,1554.0,4.5,9.9,0.0,137,9072
2024-05-17,dream,22.5,,parcelle_2,10.0,2.25,4,0.5,1.0,1,3.2,0.2,9.8,20.9,16.6,1247.0,2.9,6.7,0.0,138,9072
2024-05-20,dream,57.5,,parcelle_2,10.0,5.75,0,0.3333333333333333,3.0,3,2.25,0.0,12.3,21.5,18.1,1244.0,2.1,6.1,0.0,141,9072
2024-05-21,dream,25.5,,parcelle_2,10.0,2.55,1,0.3333333333333333,1.0,1,5.75,0.0,13.1,22.3,18.9,1332.0,6.7,12.2,0.0,142,9072
2024-05-22,dream,23.5,,parcelle_2,10.0,2.35,2,0.3333333333333333,1.0,1,2.55,0.0,16.0,22.7,19.4,1200.0,6.8,12.4,0.0,143,9072
2024-05-23,dream,45.0,,parcelle_2,10.0,4.5,3,0.5,1.0,1,2.35,0.0,14.5,21.7,18.7,1411.0,5.6,12.4,0.0,144,9072
2024-05-24,dream,35.0,,parcelle_2,10.0,3.5,4,0.5,1.0,1,4.5,0.2,11.3,22.8,17.8,1300.0,2.8,7.3,0.0,145,9072
2024-05-27,dream,62.0,,parcelle_2,10.0,6.2,0,0.3333333333333333,3.0,3,3.5,0.0,13.6,23.9,18.8,1720.0,2.4,7.0,0.0,148,9072
2024-05-28,dream,26.5,,parcelle_2,10.0,2.65,1,0.3333333333333333,1.0,1,6.2,0.0,14.4,25.2,20.0,1042.0,2.2,6.1,0.0,149,9072
2024-05-29,dream,31.5,,parcelle_2,10.0,3.15,2,0.3333333333333333,1.0,1,2.65,0.0,13.4,25.7,21.0,2114.0,3.2,7.5,0.0,150,9072
2024-05-30,dream,51.5,,parcelle_2,10.0,5.15,3,0.5,1.0,1,3.15,0.0,19.8,27.4,22.7,1439.0,7.2,13.4,0.0,151,9072
2024-05-31,dream,59.5,,parcelle_2,10.0,5.95,4,0.5,1.0,1,5.15,0.0,16.6,26.4,21.2,948.0,6.2,11.3,0.0,152,9072
2024-06-03,dream,75.0,,parcelle_2,10.0,7.5,0,0.3333333333333333,3.0,3,5.95,0.2,11.8,23.7,19.1,1624.0,2.3,4.6,0.0,155,9072
2024-06-04,dream,40.0,,parcelle_2,10.0,4.0,1,0.3333333333333333,1.0,1,7.5,0.0,13.7,22.8,19.2,1218.0,2.6,6.8,0.0,156,9072
2024-06-05,dream,47.5,,parcelle_2,10.0,4.75,2,0.3333333333333333,1.0,1,4.0,0.0,14.0,22.9,19.5,1452.0,3.1,7.1,0.0,157,9072
2024-06-06,dream,68.0,,parcelle_2,10.0,6.8,3,0.5,1.0,1,4.75,0.0,13.7,25.1,20.0,1502.0,2.6,6.4,0.0,158,9072
2024-06-07,dream,63.0,,parcelle_2,10.0,6.3,4,0.5,1.0,1,6.8,0.0,14.5,25.1,21.0,1422.0,2.8,7.1,0.0,159,9072
2024-06-10,dream,70.5,,parcelle_2,10.0,7.05,0,0.3333333333333333,3.0,3,6.3,0.0,16.8,28.8,22.7,1554.0,5.8,12.7,0.0,162,9072
2024-06-11,dream,72.0,,parcelle_2,10.0,7.2,1,0.3333333333333333,1.0,1,7.05,0.0,17.2,27.2,22.6,1254.0,6.1,13.9,0.0,163,9072
2024-06-12,dream,36.0,,parcelle_2,10.0,3.6,2,0.3333333333333333,1.0,1,7.2,0.0,14.3,26.6,21.2,1552.0,5.4,11.7,0.0,164,9072
2024-06-13,dream,30.0,,parcelle_2,10.0,3.0,3,0.5,1.0,1,3.6,0.0,14.5,24.2,20.0,1543.0,6.4,12.6,0.0,165,9072
2024-06-14,dream,28.0,,parcelle_2,10.0,2.8,4,0.5,1.0,1,3.0,0.0,12.9,23.8,19.6,1117.0,2.9,6.4,0.0,166,9072
2024-06-17,dream,16.0,,parcelle_2,10.0,1.6,0,0.3333333333333333,3.0,3,2.8,0.0,12.0,24.4,19.8,1507.0,3.1,6.6,0.0,169,9072
2024-06-18,dream,31.0,,parcelle_2,10.0,3.1,1,0.3333333333333333,1.0,1,1.6,0.0,14.9,28.2,23.7,1549.0,4.7,8.1,0.0,170,9072
2024-06-19,dream,30.5,,parcelle_2,10.0,3.05,2,0.3333333333333333,1.0,1,3.1,2.6,20.6,27.0,23.7,1454.0,3.7,8.6,0.0,171,9072
2024-06-21,dream,39.5,,parcelle_2,10.0,3.95,4,0.5,2.0,1,3.05,0.0,21.7,26.8,24.0,1609.0,5.5,11.3,0.0,173,9072
2024-06-24,dream,23.5,,parcelle_2,10.0,2.35,0,0.3333333333333333,3.0,3,3.95,1.2,16.3,24.7,20.1,1144.0,2.0,6.5,0.0,176,9072
2024-06-26,dream,15.0,,parcelle_2,10.0,1.5,2,0.3333333333333333,2.0,1,2.35,0.0,16.8,25.2,22.0,1350.0,4.6,11.0,0.0,178,9072
2024-07-01,dream,6.5,,parcelle_2,10.0,0.65,0,0.3333333333333333,5.0,5,1.5,0.0,17.8,32.6,24.7,1443.0,3.2,8.9,0.0,183,9072
2024-07-03,dream,1.0,,parcelle_2,10.0,0.1,2,0.3333333333333333,2.0,1,0.65,0.0,20.0,31.7,25.0,1239.0,4.5,8.2,0.0,185,9072
2024-07-05,dream,1.5,,parcelle_2,10.0,0.15,4,0.5,2.0,1,0.1,0.0,16.1,26.8,22.6,1512.0,4.4,10.0,0.0,187,9072
2024-07-09,dream,77.0,,parcelle_2,10.0,7.7,1,0.3333333333333333,4.0,1,0.15,0.0,15.6,30.4,23.3,1344.0,2.6,7.3,0.0,191,9072
2025-03-11,dream,2.5,,parcelle_2,10.0,0.25,1,0.3333333333333333,245.0,245,7.7,11.9,9.8,16.1,12.6,1056.0,3.4,7.5,0.0,70,12636
2025-03-14,dream,54.0,,parcelle_2,10.0,5.4,4,0.5,3.0,3,0.25,7.3,8.5,13.7,11.2,1501.0,2.3,5.8,0.0,73,12636
2025-03-17,dream,26.0,,parcelle_2,10.0,2.6,0,0.3333333333333333,3.0,3,5.4,0.2,0.7,15.0,7.7,1537.0,2.5,5.4,0.0,76,12636
2025-03-18,dream,11.0,,parcelle_2,10.0,1.1,1,0.3333333333333333,1.0,1,2.6,0.0,3.4,15.1,10.7,1304.0,7.1,12.7,0.0,77,12636
2025-03-19,dream,15.0,,parcelle_2,10.0,1.5,2,0.3333333333333333,1.0,1,1.1,0.0,10.3,13.9,11.0,1008.0,7.0,10.8,0.0,78,12636
2025-03-20,dream,5.5,,parcelle_2,10.0,0.55,3,0.5,1.0,1,1.5,0.0,8.2,15.5,12.4,1003.0,5.7,10.8,0.0,79,12636
2025-03-21,dream,165.0,,parcelle_2,10.0,16.5,4,0.5,1.0,1,0.55,6.6,11.9,17.5,14.2,1341.0,8.5,13.2,0.0,80,12636
2025-03-24,dream,60.0,,parcelle_2,10.0,6.0,0,0.3333333333333333,3.0,3,16.5,0.2,7.0,15.6,11.1,1436.0,3.0,6.4,0.0,83,12636
2025-03-25,dream,67.0,,parcelle_2,10.0,6.7,1,0.3333333333333333,1.0,1,6.0,1.8,5.0,17.0,12.1,1822.0,2.6,5.1,0.0,84,12636
2025-03-26,dream,16.5,,parcelle_2,10.0,1.65,2,0.3333333333333333,1.0,1,6.7,1.4,6.8,17.8,12.0,1538.0,2.3,6.7,0.0,85,12636
2025-03-27,dream,158.5,,parcelle_2,10.0,15.85,3,0.5,1.0,1,1.65,0.0,8.0,20.4,14.3,1308.0,3.3,6.8,0.0,86,12636
2025-03-28,dream,152.0,,parcelle_2,10.0,15.2,4,0.5,1.0,1,15.85,0.0,6.0,20.7,14.8,1245.0,4.1,8.7,0.0,87,12636
2025-03-31,dream,140.5,,parcelle_2,10.0,14.05,0,0.3333333333333333,3.0,3,15.2,0.0,10.4,21.4,16.0,1127.0,4.0,8.7,0.0,90,12636
2025-04-01,dream,163.5,,parcelle_2,10.0,16.35,1,0.3333333333333333,1.0,1,14.05,0.8,7.1,17.3,12.0,851.0,3.8,8.1,0.0,91,12636
2025-04-02,dream,110.0,,parcelle_2,10.0,11.0,2,0.3333333333333333,1.0,1,16.35,0.0,5.9,18.2,13.2,835.0,5.3,10.1,0.0,92,12636
2025-04-03,dream,78.5,,parcelle_2,10.0,7.85,3,0.5,1.0,1,11.0,0.0,7.6,18.4,13.4,1039.0,3.5,7.7,0.0,93,12636
2025-04-04,dream,130.5,,parcelle_2,10.0,13.05,4,0.5,1.0,1,7.85,0.0,8.0,20.1,14.2,1126.0,4.0,8.8,0.0,94,12636
2025-04-05,dream,51.5,,parcelle_2,10.0,5.15,5,0.5,1.0,1,13.05,0.0,8.4,19.5,13.9,853.0,3.0,6.3,0.0,95,12636
2025-04-07,dream,110.5,,parcelle_2,10.0,11.05,0,0.3333333333333333,2.0,2,5.15,0.0,11.9,19.2,14.6,1317.0,4.0,9.2,0.0,97,12636
2025-04-08,dream,90.0,,parcelle_2,10.0,9.0,1,0.3333333333333333,1.0,1,11.05,0.0,7.7,17.6,12.8,1147.0,3.2,7.3,0.0,98,12636
2025-04-09,dream,108.0,,parcelle_2,10.0,10.8,2,0.3333333333333333,1.0,1,9.0,0.2,8.7,17.5,13.5,1544.0,3.0,6.1,0.0,99,12636
2025-04-10,dream,128.0,,parcelle_2,10.0,12.8,3,0.5,1.0,1,10.8,0.2,9.0,18.7,13.7,1612.0,2.9,7.3,0.0,100,12636
2025-04-11,dream,131.5,,parcelle_2,10.0,13.15,4,0.5,1.0,1,12.8,0.2,7.5,18.7,13.5,1341.0,3.6,9.7,0.0,101,12636
2025-04-12,dream,86.5,,parcelle_2,10.0,8.65,5,0.5,1.0,1,13.15,1.8,8.5,17.4,14.2,1325.0,3.8,7.3,0.0,102,12636
2025-04-14,dream,70.0,,parcelle_2,10.0,7.0,0,0.3333333333333333,2.0,2,8.65,22.4,13.8,18.6,14.9,1303.0,4.4,9.1,0.0,104,12636
2025-04-15,dream,55.5,,parcelle_2,10.0,5.55,1,0.3333333333333333,1.0,1,7.0,12.7,12.9,17.2,15.4,1659.0,4.3,7.0,0.0,105,12636
2025-04-16,dream,43.5,,parcelle_2,10.0,4.35,2,0.3333333333333333,1.0,1,5.55,6.6,12.2,15.6,13.6,103.0,2.6,6.5,0.0,106,12636
2025-04-17,dream,51.5,,parcelle_2,10.0,5.15,3,0.5,1.0,1,4.35,2.4,11.1,17.0,12.8,935.0,5.8,11.1,0.0,107,12636
2025-04-18,dream,56.5,,parcelle_2,10.0,5.65,4,0.5,1.0,1,5.15,0.0,7.5,18.2,13.3,1520.0,3.6,9.4,0.0,108,12636
2025-04-19,dream,36.5,,parcelle_2,10.0,3.65,5,0.5,1.0,1,5.65,3.8,9.8,19.0,16.1,1609.0,7.8,12.2,0.0,109,12636
2025-04-20,dream,74.5,,parcelle_2,10.0,7.45,6,0.0,1.0,1,3.65,0.0,9.3,17.6,14.1,1458.0,2.7,5.0,0.0,110,12636
2025-04-21,dream,91.0,,parcelle_2,10.0,9.1,0,0.3333333333333333,1.0,1,7.45,0.2,9.9,21.0,15.1,1450.0,3.9,8.0,0.0,111,12636
2025-04-22,dream,60.0,,parcelle_2,10.0,6.0,1,0.3333333333333333,1.0,1,9.1,0.2,7.9,20.8,14.9,1509.0,2.0,5.3,0.0,112,12636
2025-04-23,dream,80.5,,parcelle_2,10.0,8.05,2,0.3333333333333333,1.0,1,6.0,0.0,8.3,21.6,16.3,1355.0,5.4,12.1,0.0,113,12636
2025-04-25,dream,66.0,,parcelle_2,10.0,6.6,4,0.5,2.0,1,8.05,0.0,11.1,22.7,16.6,1223.0,3.2,6.6,0.0,115,12636
2025-04-26,dream,48.0,,parcelle_2,10.0,4.8,5,0.5,1.0,1,6.6,0.0,9.1,19.1,15.3,1024.0,2.9,7.3,0.0,116,12636
2025-04-28,dream,45.5,,parcelle_2,10.0,4.55,0,0.3333333333333333,2.0,2,4.8,0.0,13.4,21.5,17.3,1348.0,3.3,7.5,0.0,118,12636
2025-04-29,dream,56.5,,parcelle_2,10.0,5.65,1,0.3333333333333333,1.0,1,4.55,0.0,11.8,21.2,17.0,949.0,2.9,6.5,0.0,119,12636
2025-04-30,dream,105.0,,parcelle_2,10.0,10.5,2,0.3333333333333333,1.0,1,5.65,0.0,10.5,24.0,17.6,1159.0,2.2,3.8,0.0,120,12636
2025-05-02,dream,83.0,,parcelle_2,10.0,8.3,4,0.5,2.0,2,10.5,0.0,11.4,23.9,18.7,929.0,2.4,4.5,0.0,122,12636
2025-05-05,dream,38.0,,parcelle_2,10.0,3.8,0,0.3333333333333333,3.0,3,8.3,0.0,13.9,22.0,17.2,1405.0,4.8,9.4,0.0,125,12636
2025-05-06,dream,51.5,,parcelle_2,10.0,5.15,1,0.3333333333333333,1.0,1,3.8,0.0,8.7,19.6,14.7,1203.0,4.7,10.5,0.0,126,12636
2025-05-07,dream,89.0,,parcelle_2,10.0,8.9,2,0.3333333333333333,1.0,1,5.15,0.0,7.3,18.7,14.1,1403.0,4.8,10.4,0.0,127,12636
2025-05-09,dream,55.0,,parcelle_2,10.0,5.5,4,0.5,2.0,2,8.9,0.0,8.7,20.4,15.4,1531.0,2.4,5.2,0.0,129,12636
2025-05-13,dream,71.5,,parcelle_2,10.0,7.15,1,0.3333333333333333,4.0,4,5.5,0.2,8.8,20.6,16.2,1310.0,3.0,7.3,0.0,133,12636
2025-05-14,dream,63.0,,parcelle_2,10.0,6.3,2,0.3333333333333333,1.0,1,7.15,0.0,10.8,21.7,16.7,949.0,2.7,6.4,0.0,134,12636
2025-05-15,dream,74.0,,parcelle_2,10.0,7.4,3,0.5,1.0,1,6.3,0.0,10.7,23.5,18.2,1442.0,3.3,6.9,0.0,135,12636
2025-05-16,dream,84.5,,parcelle_2,10.0,8.45,4,0.5,1.0,1,7.4,0.8,13.0,21.7,17.8,741.0,3.4,7.6,0.0,136,12636
2025-05-19,dream,56.5,,parcelle_2,10.0,5.65,0,0.3333333333333333,3.0,3,8.45,1.4,12.5,22.7,18.5,1951.0,3.4,7.9,0.0,139,12636
2025-05-20,dream,35.0,,parcelle_2,10.0,3.5,1,0.3333333333333333,1.0,1,5.65,12.7,15.7,22.7,17.9,838.0,2.9,7.0,0.0,140,12636
2025-05-21,dream,77.0,,parcelle_2,10.0,7.7,2,0.3333333333333333,1.0,1,3.5,0.0,11.7,25.1,19.9,1504.0,5.2,11.1,0.0,141,12636
2025-05-22,dream,85.0,,parcelle_2,10.0,8.5,3,0.5,1.0,1,7.7,0.0,16.3,23.1,19.2,1738.0,7.1,11.4,0.0,142,12636
2025-05-23,dream,85.0,,parcelle_2,10.0,8.5,4,0.5,1.0,1,8.5,0.0,12.5,23.0,18.1,948.0,2.8,6.0,0.0,143,12636
2025-05-27,dream,96.5,,parcelle_2,10.0,9.65,1,0.3333333333333333,4.0,1,8.5,0.0,11.8,24.0,19.1,1051.0,2.6,6.6,0.0,147,12636
2025-05-28,dream,146.0,,parcelle_2,10.0,14.6,2,0.3333333333333333,1.0,1,9.65,0.0,13.6,28.2,23.1,1550.0,5.2,11.1,0.0,148,12636
2025-05-29,dream,179.5,,parcelle_2,10.0,17.95,3,0.5,1.0,1,14.6,0.0,21.5,28.0,23.1,116.0,3.6,10.0,0.0,149,12636
2025-06-02,dream,125.0,,parcelle_2,10.0,12.5,0,0.3333333333333333,4.0,3,17.95,0.2,16.3,26.8,21.3,1146.0,2.7,5.9,0.0,153,12636
2025-06-03,dream,150.0,,parcelle_2,10.0,15.0,1,0.3333333333333333,1.0,1,12.5,0.0,16.7,25.4,21.9,1042.0,4.6,8.9,0.0,154,12636
2025-06-04,dream,23.0,,parcelle_2,10.0,2.3,2,0.3333333333333333,1.0,1,15.0,0.0,20.5,25.0,21.7,403.0,4.7,8.8,0.0,155,12636
2025-06-05,dream,55.5,,parcelle_2,10.0,5.55,3,0.5,1.0,1,2.3,0.2,16.0,24.9,20.8,1258.0,3.2,6.5,0.0,156,12636
2025-06-06,dream,83.5,,parcelle_2,10.0,8.35,4,0.5,1.0,1,5.55,0.0,15.0,25.0,20.7,1204.0,3.7,8.1,0.0,157,12636
2025-06-07,dream,81.0,,parcelle_2,10.0,8.1,5,0.5,1.0,1,8.35,0.2,14.4,25.6,21.4,1604.0,3.4,7.6,0.0,158,12636
2025-06-09,dream,97.5,,parcelle_2,10.0,9.75,0,0.3333333333333333,2.0,2,8.1,0.0,14.0,26.9,21.3,1244.0,2.4,5.8,0.0,160,12636
2025-06-10,dream,79.5,,parcelle_2,10.0,7.95,1,0.3333333333333333,1.0,1,9.75,0.0,16.2,29.2,23.8,1710.0,3.5,8.5,0.0,161,12636
2025-06-11,dream,61.0,,parcelle_2,10.0,6.1,2,0.3333333333333333,1.0,1,7.95,0.2,12.5,27.6,21.6,1924.0,2.5,4.9,0.0,162,12636
2025-06-12,dream,52.0,,parcelle_2,10.0,5.2,3,0.5,1.0,1,6.1,0.0,15.7,26.0,21.4,912.0,2.7,6.0,0.0,163,12636
2025-06-13,dream,50.0,,parcelle_2,10.0,5.0,4,0.5,1.0,1,5.2,0.2,15.1,29.4,22.4,1551.0,2.0,5.0,0.0,164,12636
2025-06-16,dream,51.0,,parcelle_2,10.0,5.1,0,0.3333333333333333,3.0,2,5.0,0.0,21.6,33.5,27.1,1502.0,3.3,7.3,0.0,167,12636
2025-06-17,dream,17.5,,parcelle_2,10.0,1.75,1,0.3333333333333333,1.0,1,5.1,0.0,17.6,28.1,23.8,1143.0,3.2,8.1,0.0,168,12636
2025-06-18,dream,53.5,,parcelle_2,10.0,5.35,2,0.3333333333333333,1.0,1,1.75,0.0,19.0,31.1,25.1,1612.0,2.9,5.4,0.0,169,12636
2025-06-19,dream,18.5,,parcelle_2,10.0,1.85,3,0.5,1.0,1,5.35,0.0,19.2,31.7,26.5,1707.0,3.1,7.8,0.0,170,12636
2025-06-20,dream,20.0,,parcelle_2,10.0,2.0,4,0.5,1.0,1,1.85,0.0,16.9,31.0,24.9,1514.0,2.6,6.1,0.0,171,12636
2025-06-23,dream,38.0,,parcelle_2,10.0,3.8,0,0.3333333333333333,3.0,2,2.0,0.0,19.1,29.3,25.3,1405.0,3.8,9.3,0.0,174,12636
2025-06-24,dream,40.0,,parcelle_2,10.0,4.0,1,0.3333333333333333,1.0,1,3.8,0.2,19.6,29.2,25.4,1310.0,2.9,6.6,0.0,175,12636
2025-06-25,dream,20.5,,parcelle_2,10.0,2.05,2,0.3333333333333333,1.0,1,4.0,0.2,20.0,29.6,25.3,946.0,3.6,7.6,0.0,176,12636
2025-06-26,dream,3.0,,parcelle_2,10.0,0.3,3,0.5,1.0,1,2.05,0.0,20.6,34.3,27.9,1036.0,3.7,8.8,0.0,177,12636
